Cut_x,Cut_y,loss,Height,Permitivity,Freq
6,0.2,-24.70322375,1.6,2.2,0.915
8,0.2,-31.04869956,1.6,2.2,0.915
8.5,0.2,-33.51296931,1.6,2.2,0.915
17.5,0.2,-23.51143654,1.6,2.2,0.915
21,0.2,-25.27527406,1.6,2.2,0.915
21.5,0.2,-20.07334407,1.6,2.2,0.915
22.5,0.2,-21.12455782,1.6,2.2,0.915
23.5,0.2,-23.49168531,1.6,2.2,0.915
26,0.2,-22.47326272,1.6,2.2,0.915
33,0.2,-20.27033276,1.6,2.2,0.915
8,0.4,-25.78491342,1.6,2.2,0.915
9,0.4,-20.86298388,1.6,2.2,0.915
10,0.4,-23.04892478,1.6,2.2,0.915
13,0.4,-22.65141247,1.6,2.2,0.915
26.5,0.4,-30.12217609,1.6,2.2,0.915
33,0.4,-24.57981222,1.6,2.2,0.915
3,0.6,-27.05980289,1.6,2.2,0.915
3.5,0.6,-20.60979783,1.6,2.2,0.915
8.5,0.6,-26.10534839,1.6,2.2,0.915
27.5,0.6,-22.82536701,1.6,2.2,0.915
31,0.6,-26.58351623,1.6,2.2,0.915
4,0.8,-20.82932766,1.6,2.2,0.915
12,0.8,-20.83261353,1.6,2.2,0.915
17,0.8,-21.90989382,1.6,2.2,0.915
20,1,-24.90296178,1.6,2.2,0.915
26,1,-26.57113556,1.6,2.2,0.915
0.4,0.2,-25.15192926,1.6,2.2,2.45
0.6,0.2,-25.65610296,1.6,2.2,2.45
0.8,0.2,-25.32514802,1.6,2.2,2.45
1,0.2,-25.15909413,1.6,2.2,2.45
1.2,0.2,-24.83513258,1.6,2.2,2.45
1.4,0.2,-25.53141602,1.6,2.2,2.45
1.6,0.2,-25.28470093,1.6,2.2,2.45
1.8,0.2,-24.39402259,1.6,2.2,2.45
2,0.2,-26.01700593,1.6,2.2,2.45
2.2,0.2,-25.42611144,1.6,2.2,2.45
2.4,0.2,-26.22768411,1.6,2.2,2.45
2.6,0.2,-27.23562897,1.6,2.2,2.45
2.8,0.2,-26.67923357,1.6,2.2,2.45
3,0.2,-25.83670968,1.6,2.2,2.45
3.2,0.2,-27.78269913,1.6,2.2,2.45
3.4,0.2,-26.75351834,1.6,2.2,2.45
3.6,0.2,-26.61516926,1.6,2.2,2.45
3.8,0.2,-27.33020218,1.6,2.2,2.45
4,0.2,-27.49357724,1.6,2.2,2.45
4.2,0.2,-29.90628924,1.6,2.2,2.45
4.4,0.2,-27.22646276,1.6,2.2,2.45
4.6,0.2,-27.95500829,1.6,2.2,2.45
4.8,0.2,-27.52577782,1.6,2.2,2.45
5,0.2,-28.78569755,1.6,2.2,2.45
5.6,0.2,-29.7746315,1.6,2.2,2.45
5.8,0.2,-32.27576527,1.6,2.2,2.45
6,0.2,-31.39862242,1.6,2.2,2.45
6.4,0.2,-35.04379526,1.6,2.2,2.45
6.6,0.2,-32.45326276,1.6,2.2,2.45
6.8,0.2,-30.48591731,1.6,2.2,2.45
7,0.2,-32.0461982,1.6,2.2,2.45
7.2,0.2,-33.06912792,1.6,2.2,2.45
7.8,0.2,-24.77495548,1.6,2.2,2.45
8,0.2,-33.593769,1.6,2.2,2.45
8.4,0.2,-34.82564665,1.6,2.2,2.45
8.6,0.2,-38.75824486,1.6,2.2,2.45
8.8,0.2,-33.43293579,1.6,2.2,2.45
9,0.2,-37.56080055,1.6,2.2,2.45
9.2,0.2,-33.56413165,1.6,2.2,2.45
9.4,0.2,-31.7482543,1.6,2.2,2.45
9.6,0.2,-28.86649602,1.6,2.2,2.45
9.8,0.2,-28.66097598,1.6,2.2,2.45
10,0.2,-28.04797809,1.6,2.2,2.45
10.2,0.2,-27.99226776,1.6,2.2,2.45
10.4,0.2,-27.5158803,1.6,2.2,2.45
10.6,0.2,-29.52702537,1.6,2.2,2.45
10.8,0.2,-24.26144805,1.6,2.2,2.45
11,0.2,-24.34408568,1.6,2.2,2.45
11.2,0.2,-25.84380022,1.6,2.2,2.45
11.4,0.2,-25.95064771,1.6,2.2,2.45
11.6,0.2,-23.80709057,1.6,2.2,2.45
11.8,0.2,-22.92905692,1.6,2.2,2.45
12,0.2,-23.70372027,1.6,2.2,2.45
12.2,0.2,-21.00694127,1.6,2.2,2.45
12.4,0.2,-20.26678572,1.6,2.2,2.45
0.4,0.4,-25.11445635,1.6,2.2,2.45
0.6,0.4,-25.3340717,1.6,2.2,2.45
0.8,0.4,-24.83996184,1.6,2.2,2.45
1,0.4,-25.0502927,1.6,2.2,2.45
1.2,0.4,-25.4796322,1.6,2.2,2.45
1.4,0.4,-26.11929467,1.6,2.2,2.45
1.6,0.4,-25.46682442,1.6,2.2,2.45
1.8,0.4,-25.72117597,1.6,2.2,2.45
2,0.4,-26.12686155,1.6,2.2,2.45
2.2,0.4,-26.48871024,1.6,2.2,2.45
2.4,0.4,-25.94463657,1.6,2.2,2.45
2.6,0.4,-28.46421776,1.6,2.2,2.45
2.8,0.4,-28.77361108,1.6,2.2,2.45
3,0.4,-26.28406428,1.6,2.2,2.45
3.2,0.4,-27.88391789,1.6,2.2,2.45
3.4,0.4,-27.64758345,1.6,2.2,2.45
3.6,0.4,-27.95421135,1.6,2.2,2.45
3.8,0.4,-29.30069067,1.6,2.2,2.45
4,0.4,-29.16472163,1.6,2.2,2.45
4.2,0.4,-30.41530928,1.6,2.2,2.45
4.4,0.4,-30.16260932,1.6,2.2,2.45
4.6,0.4,-28.85729727,1.6,2.2,2.45
4.8,0.4,-30.5496575,1.6,2.2,2.45
5,0.4,-34.48053226,1.6,2.2,2.45
5.2,0.4,-32.54450647,1.6,2.2,2.45
5.4,0.4,-36.66851472,1.6,2.2,2.45
5.6,0.4,-32.63954489,1.6,2.2,2.45
5.8,0.4,-36.83210431,1.6,2.2,2.45
6.6,0.4,-34.1614347,1.6,2.2,2.45
6.8,0.4,-35.34673263,1.6,2.2,2.45
7.4,0.4,-35.6405995,1.6,2.2,2.45
7.6,0.4,-24.0141166,1.6,2.2,2.45
7.8,0.4,-31.79170521,1.6,2.2,2.45
8,0.4,-31.91651808,1.6,2.2,2.45
8.2,0.4,-29.71682326,1.6,2.2,2.45
8.4,0.4,-28.83098444,1.6,2.2,2.45
8.8,0.4,-27.07382277,1.6,2.2,2.45
9,0.4,-26.17421668,1.6,2.2,2.45
9.2,0.4,-26.89777941,1.6,2.2,2.45
9.4,0.4,-25.20916981,1.6,2.2,2.45
9.6,0.4,-24.43306844,1.6,2.2,2.45
9.8,0.4,-23.09211128,1.6,2.2,2.45
10,0.4,-22.4289604,1.6,2.2,2.45
10.2,0.4,-21.55665239,1.6,2.2,2.45
10.4,0.4,-21.65419708,1.6,2.2,2.45
10.6,0.4,-20.54767226,1.6,2.2,2.45
10.8,0.4,-20.80897578,1.6,2.2,2.45
0.4,0.6,-25.19760119,1.6,2.2,2.45
0.8,0.6,-25.24097002,1.6,2.2,2.45
1,0.6,-24.72521368,1.6,2.2,2.45
1.2,0.6,-26.13271577,1.6,2.2,2.45
1.4,0.6,-25.31941462,1.6,2.2,2.45
1.6,0.6,-26.59293273,1.6,2.2,2.45
1.8,0.6,-27.06053203,1.6,2.2,2.45
2,0.6,-26.49634686,1.6,2.2,2.45
2.4,0.6,-28.10412907,1.6,2.2,2.45
2.6,0.6,-27.19571478,1.6,2.2,2.45
2.8,0.6,-26.61217941,1.6,2.2,2.45
3,0.6,-28.48541573,1.6,2.2,2.45
3.2,0.6,-28.45769446,1.6,2.2,2.45
3.4,0.6,-32.35739633,1.6,2.2,2.45
3.6,0.6,-32.17795401,1.6,2.2,2.45
3.8,0.6,-28.92672982,1.6,2.2,2.45
4,0.6,-29.14955172,1.6,2.2,2.45
4.2,0.6,-30.9661399,1.6,2.2,2.45
4.4,0.6,-34.18987242,1.6,2.2,2.45
4.6,0.6,-33.88759481,1.6,2.2,2.45
4.8,0.6,-35.23000163,1.6,2.2,2.45
5.4,0.6,-35.13878697,1.6,2.2,2.45
5.6,0.6,-35.80399434,1.6,2.2,2.45
5.8,0.6,-32.58428474,1.6,2.2,2.45
6,0.6,-34.37309851,1.6,2.2,2.45
6.2,0.6,-37.89645577,1.6,2.2,2.45
6.4,0.6,-38.89923459,1.6,2.2,2.45
6.6,0.6,-32.56798989,1.6,2.2,2.45
6.8,0.6,-36.69031488,1.6,2.2,2.45
7,0.6,-32.02088012,1.6,2.2,2.45
7.2,0.6,-30.07439566,1.6,2.2,2.45
7.4,0.6,-29.42196742,1.6,2.2,2.45
7.6,0.6,-27.48852776,1.6,2.2,2.45
7.8,0.6,-30.30834228,1.6,2.2,2.45
8,0.6,-27.25356231,1.6,2.2,2.45
8.2,0.6,-26.11899868,1.6,2.2,2.45
8.4,0.6,-24.52243253,1.6,2.2,2.45
8.6,0.6,-25.02180637,1.6,2.2,2.45
8.8,0.6,-23.04644159,1.6,2.2,2.45
9,0.6,-23.58015859,1.6,2.2,2.45
9.2,0.6,-21.89534633,1.6,2.2,2.45
9.4,0.6,-22.68803844,1.6,2.2,2.45
9.6,0.6,-21.8257072,1.6,2.2,2.45
9.8,0.6,-20.85391899,1.6,2.2,2.45
11.2,0.6,-33.36159291,1.6,2.2,2.45
12.4,0.6,-22.50838581,1.6,2.2,2.45
0.4,0.8,-25.47067754,1.6,2.2,2.45
0.6,0.8,-25.35750544,1.6,2.2,2.45
0.8,0.8,-24.74479581,1.6,2.2,2.45
1,0.8,-25.65012097,1.6,2.2,2.45
1.2,0.8,-25.59424239,1.6,2.2,2.45
1.4,0.8,-26.45028521,1.6,2.2,2.45
1.6,0.8,-28.21700111,1.6,2.2,2.45
1.8,0.8,-26.51101048,1.6,2.2,2.45
2,0.8,-27.00799876,1.6,2.2,2.45
2.2,0.8,-27.60030223,1.6,2.2,2.45
2.4,0.8,-27.90377739,1.6,2.2,2.45
2.6,0.8,-29.14309989,1.6,2.2,2.45
2.8,0.8,-27.19911066,1.6,2.2,2.45
3,0.8,-30.13392333,1.6,2.2,2.45
3.2,0.8,-30.37332258,1.6,2.2,2.45
3.4,0.8,-30.03573287,1.6,2.2,2.45
3.6,0.8,-32.09741214,1.6,2.2,2.45
3.8,0.8,-31.82490901,1.6,2.2,2.45
4,0.8,-31.2583103,1.6,2.2,2.45
4.2,0.8,-35.69775473,1.6,2.2,2.45
4.4,0.8,-34.0842314,1.6,2.2,2.45
4.6,0.8,-33.4757836,1.6,2.2,2.45
5,0.8,-33.08555785,1.6,2.2,2.45
5.6,0.8,-38.8629003,1.6,2.2,2.45
5.8,0.8,-32.54621992,1.6,2.2,2.45
6,0.8,-34.94771605,1.6,2.2,2.45
6.2,0.8,-32.33666066,1.6,2.2,2.45
6.4,0.8,-29.58389149,1.6,2.2,2.45
6.6,0.8,-28.00641863,1.6,2.2,2.45
6.8,0.8,-30.36516681,1.6,2.2,2.45
7,0.8,-28.20431374,1.6,2.2,2.45
7.2,0.8,-27.21889264,1.6,2.2,2.45
7.4,0.8,-26.23168784,1.6,2.2,2.45
7.6,0.8,-24.7711246,1.6,2.2,2.45
7.8,0.8,-24.56302349,1.6,2.2,2.45
8,0.8,-24.09533502,1.6,2.2,2.45
8.2,0.8,-22.9765683,1.6,2.2,2.45
8.4,0.8,-22.33266163,1.6,2.2,2.45
8.6,0.8,-22.98896884,1.6,2.2,2.45
8.8,0.8,-21.41102068,1.6,2.2,2.45
9,0.8,-20.69964424,1.6,2.2,2.45
9.2,0.8,-20.19752134,1.6,2.2,2.45
10,0.8,-38.9906075,1.6,2.2,2.45
10.4,0.8,-21.50609913,1.6,2.2,2.45
0.4,1,-25.70589565,1.6,2.2,2.45
0.6,1,-24.62344599,1.6,2.2,2.45
0.8,1,-25.8048194,1.6,2.2,2.45
1,1,-25.65598884,1.6,2.2,2.45
1.2,1,-25.68279157,1.6,2.2,2.45
1.4,1,-26.50524173,1.6,2.2,2.45
1.6,1,-28.92091422,1.6,2.2,2.45
1.8,1,-26.60478005,1.6,2.2,2.45
2,1,-26.63582296,1.6,2.2,2.45
2.2,1,-26.52713907,1.6,2.2,2.45
2.4,1,-28.67996222,1.6,2.2,2.45
2.6,1,-31.29727296,1.6,2.2,2.45
2.8,1,-32.07777286,1.6,2.2,2.45
3,1,-30.50161692,1.6,2.2,2.45
3.2,1,-30.20697609,1.6,2.2,2.45
3.4,1,-32.78220184,1.6,2.2,2.45
3.6,1,-32.80629473,1.6,2.2,2.45
3.8,1,-31.95276328,1.6,2.2,2.45
4,1,-37.25788136,1.6,2.2,2.45
4.2,1,-34.53913622,1.6,2.2,2.45
4.8,1,-37.41292712,1.6,2.2,2.45
5,1,-33.0192009,1.6,2.2,2.45
5.2,1,-35.11336875,1.6,2.2,2.45
5.4,1,-38.19089743,1.6,2.2,2.45
5.6,1,-34.27417493,1.6,2.2,2.45
5.8,1,-29.39506411,1.6,2.2,2.45
6,1,-31.44280049,1.6,2.2,2.45
6.2,1,-28.42861771,1.6,2.2,2.45
6.4,1,-28.96214339,1.6,2.2,2.45
6.6,1,-28.61748915,1.6,2.2,2.45
6.8,1,-26.72143745,1.6,2.2,2.45
7,1,-26.36296854,1.6,2.2,2.45
7.2,1,-26.13148306,1.6,2.2,2.45
7.4,1,-23.67596748,1.6,2.2,2.45
7.6,1,-23.09848864,1.6,2.2,2.45
7.8,1,-22.77450212,1.6,2.2,2.45
8,1,-21.81146141,1.6,2.2,2.45
8.2,1,-21.4787043,1.6,2.2,2.45
8.4,1,-21.25394913,1.6,2.2,2.45
8.6,1,-20.61447317,1.6,2.2,2.45
4,0.2,-20.32189083,1.6,2.2,4
4.2,0.2,-20.59335245,1.6,2.2,4
4.4,0.2,-20.59351232,1.6,2.2,4
4.6,0.2,-20.9336259,1.6,2.2,4
4.8,0.2,-21.32044795,1.6,2.2,4
5,0.2,-22.33372328,1.6,2.2,4
5.2,0.2,-22.27473516,1.6,2.2,4
5.4,0.2,-22.92470098,1.6,2.2,4
5.6,0.2,-23.43314059,1.6,2.2,4
5.8,0.2,-23.53278326,1.6,2.2,4
6,0.2,-25.12616632,1.6,2.2,4
6.2,0.2,-27.86560454,1.6,2.2,4
6.4,0.2,-26.81624692,1.6,2.2,4
6.6,0.2,-31.43973479,1.6,2.2,4
6.8,0.2,-34.68906658,1.6,2.2,4
7.4,0.2,-36.3721829,1.6,2.2,4
7.6,0.2,-36.27795832,1.6,2.2,4
7.8,0.2,-28.57982408,1.6,2.2,4
8,0.2,-25.11099869,1.6,2.2,4
8.2,0.2,-24.01554807,1.6,2.2,4
8.4,0.2,-22.15225322,1.6,2.2,4
3.4,0.3,-20.16625556,1.6,2.2,4
3.6,0.3,-20.71493443,1.6,2.2,4
3.8,0.3,-20.4014929,1.6,2.2,4
4,0.3,-20.55494951,1.6,2.2,4
4.2,0.3,-21.51111344,1.6,2.2,4
4.4,0.3,-22.5487337,1.6,2.2,4
4.6,0.3,-22.38215496,1.6,2.2,4
4.8,0.3,-22.4621387,1.6,2.2,4
5,0.3,-24.31290492,1.6,2.2,4
5.2,0.3,-25.37464032,1.6,2.2,4
5.4,0.3,-26.27354763,1.6,2.2,4
5.6,0.3,-28.09267863,1.6,2.2,4
5.8,0.3,-27.4826863,1.6,2.2,4
6,0.3,-30.25978722,1.6,2.2,4
6.2,0.3,-33.82537671,1.6,2.2,4
6.4,0.3,-33.92194062,1.6,2.2,4
7,0.3,-33.87078572,1.6,2.2,4
7.2,0.3,-28.94970552,1.6,2.2,4
7.4,0.3,-28.21332222,1.6,2.2,4
7.6,0.3,-25.17981521,1.6,2.2,4
7.8,0.3,-24.16743736,1.6,2.2,4
8,0.3,-21.17877584,1.6,2.2,4
3.4,0.4,-20.4670809,1.6,2.2,4
3.6,0.4,-21.27558268,1.6,2.2,4
3.8,0.4,-21.77861164,1.6,2.2,4
4,0.4,-21.64186184,1.6,2.2,4
4.2,0.4,-22.07095992,1.6,2.2,4
4.4,0.4,-23.11790299,1.6,2.2,4
4.6,0.4,-23.55968898,1.6,2.2,4
4.8,0.4,-24.26523521,1.6,2.2,4
5,0.4,-25.90225345,1.6,2.2,4
5.2,0.4,-27.09064495,1.6,2.2,4
5.4,0.4,-27.06008958,1.6,2.2,4
5.6,0.4,-29.85004626,1.6,2.2,4
5.8,0.4,-31.87552414,1.6,2.2,4
6.6,0.4,-32.3430533,1.6,2.2,4
6.8,0.4,-32.4012819,1.6,2.2,4
7,0.4,-27.96868268,1.6,2.2,4
7.2,0.4,-24.73772757,1.6,2.2,4
7.4,0.4,-23.32171682,1.6,2.2,4
7.6,0.4,-22.18904061,1.6,2.2,4
2.6,0.5,-20.00090206,1.6,2.2,4
3,0.5,-20.11118167,1.6,2.2,4
3.2,0.5,-20.12570807,1.6,2.2,4
3.4,0.5,-21.76451953,1.6,2.2,4
3.6,0.5,-22.05335316,1.6,2.2,4
3.8,0.5,-22.13365165,1.6,2.2,4
4,0.5,-23.28228586,1.6,2.2,4
4.2,0.5,-24.08420622,1.6,2.2,4
4.4,0.5,-24.04150746,1.6,2.2,4
4.6,0.5,-24.64624618,1.6,2.2,4
4.8,0.5,-26.77711359,1.6,2.2,4
5,0.5,-26.10183697,1.6,2.2,4
5.2,0.5,-30.67811614,1.6,2.2,4
5.4,0.5,-32.78318007,1.6,2.2,4
5.6,0.5,-33.08731402,1.6,2.2,4
6,0.5,-39.92305809,1.6,2.2,4
6.2,0.5,-35.75402873,1.6,2.2,4
6.4,0.5,-31.86236813,1.6,2.2,4
6.6,0.5,-29.14575127,1.6,2.2,4
6.8,0.5,-25.87819944,1.6,2.2,4
7,0.5,-23.24355925,1.6,2.2,4
7.2,0.5,-21.85262346,1.6,2.2,4
7.4,0.5,-20.69642526,1.6,2.2,4
2.8,0.6,-20.19297091,1.6,2.2,4
3,0.6,-21.03484248,1.6,2.2,4
3.2,0.6,-20.73950777,1.6,2.2,4
3.4,0.6,-21.53882427,1.6,2.2,4
3.6,0.6,-21.85939638,1.6,2.2,4
3.8,0.6,-22.03249555,1.6,2.2,4
4,0.6,-24.00939099,1.6,2.2,4
4.2,0.6,-25.32227053,1.6,2.2,4
4.4,0.6,-25.42353669,1.6,2.2,4
4.6,0.6,-25.93670699,1.6,2.2,4
4.8,0.6,-27.5532214,1.6,2.2,4
5,0.6,-30.77061033,1.6,2.2,4
5.2,0.6,-34.28389411,1.6,2.2,4
5.4,0.6,-38.92756135,1.6,2.2,4
5.8,0.6,-36.55100125,1.6,2.2,4
6,0.6,-35.37345073,1.6,2.2,4
6.2,0.6,-30.12151811,1.6,2.2,4
6.4,0.6,-27.14220666,1.6,2.2,4
6.6,0.6,-26.83951208,1.6,2.2,4
6.8,0.6,-23.37369619,1.6,2.2,4
7,0.6,-21.77739228,1.6,2.2,4
2.4,0.7,-20.29671672,1.6,2.2,4
2.6,0.7,-20.23792322,1.6,2.2,4
2.8,0.7,-20.5363917,1.6,2.2,4
3,0.7,-21.48950802,1.6,2.2,4
3.2,0.7,-21.09064388,1.6,2.2,4
3.4,0.7,-22.16726121,1.6,2.2,4
3.6,0.7,-23.44568923,1.6,2.2,4
3.8,0.7,-23.08597463,1.6,2.2,4
4,0.7,-24.19486858,1.6,2.2,4
4.2,0.7,-25.36312553,1.6,2.2,4
4.4,0.7,-27.82982263,1.6,2.2,4
4.6,0.7,-29.83668314,1.6,2.2,4
4.8,0.7,-32.66354182,1.6,2.2,4
5,0.7,-32.75232435,1.6,2.2,4
5.6,0.7,-36.16632901,1.6,2.2,4
5.8,0.7,-32.16589289,1.6,2.2,4
6,0.7,-31.3532116,1.6,2.2,4
6.2,0.7,-26.73092765,1.6,2.2,4
6.4,0.7,-24.41403457,1.6,2.2,4
6.6,0.7,-22.62775836,1.6,2.2,4
6.8,0.7,-21.28546699,1.6,2.2,4
2.6,0.8,-20.0727672,1.6,2.2,4
2.8,0.8,-20.72921444,1.6,2.2,4
3,0.8,-21.7027729,1.6,2.2,4
3.2,0.8,-22.73072325,1.6,2.2,4
3.4,0.8,-22.82349828,1.6,2.2,4
3.6,0.8,-23.66940792,1.6,2.2,4
3.8,0.8,-24.52045123,1.6,2.2,4
4,0.8,-24.77213457,1.6,2.2,4
4.2,0.8,-26.89368696,1.6,2.2,4
4.4,0.8,-28.95395311,1.6,2.2,4
4.6,0.8,-32.24091035,1.6,2.2,4
4.8,0.8,-37.08659443,1.6,2.2,4
5,0.8,-34.92316453,1.6,2.2,4
5.2,0.8,-39.04366145,1.6,2.2,4
5.4,0.8,-36.04309627,1.6,2.2,4
5.6,0.8,-33.11940593,1.6,2.2,4
5.8,0.8,-29.19500335,1.6,2.2,4
6,0.8,-27.20263303,1.6,2.2,4
6.2,0.8,-24.46952237,1.6,2.2,4
6.4,0.8,-22.326562,1.6,2.2,4
6.6,0.8,-20.84523485,1.6,2.2,4
2.4,0.9,-20.7400902,1.6,2.2,4
2.6,0.9,-21.49331152,1.6,2.2,4
2.8,0.9,-21.37784994,1.6,2.2,4
3,0.9,-22.38430797,1.6,2.2,4
3.2,0.9,-22.45367277,1.6,2.2,4
3.4,0.9,-24.15436958,1.6,2.2,4
3.6,0.9,-24.79312586,1.6,2.2,4
3.8,0.9,-25.78130833,1.6,2.2,4
4,0.9,-27.26394285,1.6,2.2,4
4.2,0.9,-27.86170408,1.6,2.2,4
4.4,0.9,-30.33190168,1.6,2.2,4
4.6,0.9,-34.7733095,1.6,2.2,4
4.8,0.9,-36.34343166,1.6,2.2,4
5.2,0.9,-39.04264991,1.6,2.2,4
5.4,0.9,-32.48837015,1.6,2.2,4
5.6,0.9,-30.26789404,1.6,2.2,4
5.8,0.9,-26.83384567,1.6,2.2,4
6,0.9,-24.37584013,1.6,2.2,4
6.2,0.9,-22.66973371,1.6,2.2,4
6.4,0.9,-21.05012423,1.6,2.2,4
2.4,1,-20.57229329,1.6,2.2,4
2.6,1,-20.89439262,1.6,2.2,4
2.8,1,-21.95445584,1.6,2.2,4
3,1,-22.38193893,1.6,2.2,4
3.2,1,-23.73053572,1.6,2.2,4
3.4,1,-24.53217317,1.6,2.2,4
3.6,1,-25.56260942,1.6,2.2,4
3.8,1,-26.3161562,1.6,2.2,4
4,1,-29.34985591,1.6,2.2,4
4.2,1,-30.69551825,1.6,2.2,4
4.4,1,-36.48521314,1.6,2.2,4
4.6,1,-38.03581499,1.6,2.2,4
5,1,-38.51303624,1.6,2.2,4
5.2,1,-35.172266,1.6,2.2,4
5.4,1,-29.62619218,1.6,2.2,4
5.6,1,-26.87310513,1.6,2.2,4
5.8,1,-25.06887087,1.6,2.2,4
6,1,-22.89042706,1.6,2.2,4
6.2,1,-21.06973801,1.6,2.2,4
3.8,0.2,-21.26211529,1.6,2.2,5.8
4,0.2,-21.14465878,1.6,2.2,5.8
4.2,0.2,-22.45030332,1.6,2.2,5.8
4.4,0.2,-25.0117949,1.6,2.2,5.8
4.6,0.2,-26.7438627,1.6,2.2,5.8
4.8,0.2,-28.25408963,1.6,2.2,5.8
5,0.2,-31.33858214,1.6,2.2,5.8
5.6,0.2,-26.94632182,1.6,2.2,5.8
5.8,0.2,-23.24330404,1.6,2.2,5.8
3.4,0.3,-20.54664823,1.6,2.2,5.8
3.6,0.3,-21.69470581,1.6,2.2,5.8
3.8,0.3,-23.45026141,1.6,2.2,5.8
4,0.3,-24.16722185,1.6,2.2,5.8
4.2,0.3,-25.43549336,1.6,2.2,5.8
4.4,0.3,-29.44084777,1.6,2.2,5.8
4.6,0.3,-35.42356037,1.6,2.2,5.8
5.2,0.3,-28.4256173,1.6,2.2,5.8
5.4,0.3,-23.5556086,1.6,2.2,5.8
5.6,0.3,-20.62510052,1.6,2.2,5.8
3,0.4,-20.49207249,1.6,2.2,5.8
3.2,0.4,-20.86575046,1.6,2.2,5.8
3.4,0.4,-22.6128414,1.6,2.2,5.8
3.6,0.4,-23.70450525,1.6,2.2,5.8
3.8,0.4,-25.45932517,1.6,2.2,5.8
4,0.4,-27.51086623,1.6,2.2,5.8
4.2,0.4,-29.09597615,1.6,2.2,5.8
4.4,0.4,-37.41162997,1.6,2.2,5.8
4.8,0.4,-32.84617114,1.6,2.2,5.8
5,0.4,-26.8253569,1.6,2.2,5.8
5.2,0.4,-23.20913522,1.6,2.2,5.8
5.4,0.4,-20.00081916,1.6,2.2,5.8
2.8,0.5,-20.21832132,1.6,2.2,5.8
3,0.5,-21.61172328,1.6,2.2,5.8
3.2,0.5,-22.45567949,1.6,2.2,5.8
3.4,0.5,-23.96261439,1.6,2.2,5.8
3.6,0.5,-24.8135116,1.6,2.2,5.8
3.8,0.5,-27.11415574,1.6,2.2,5.8
4,0.5,-32.86780783,1.6,2.2,5.8
4.4,0.5,-36.97088611,1.6,2.2,5.8
4.6,0.5,-31.16784997,1.6,2.2,5.8
4.8,0.5,-27.04410699,1.6,2.2,5.8
5,0.5,-22.3549846,1.6,2.2,5.8
2.6,0.6,-20.6292409,1.6,2.2,5.8
2.8,0.6,-21.03218722,1.6,2.2,5.8
3,0.6,-21.98089132,1.6,2.2,5.8
3.2,0.6,-24.22896175,1.6,2.2,5.8
3.4,0.6,-25.70383482,1.6,2.2,5.8
3.6,0.6,-28.49536897,1.6,2.2,5.8
3.8,0.6,-31.55968776,1.6,2.2,5.8
4.2,0.6,-39.57360205,1.6,2.2,5.8
4.4,0.6,-31.31021056,1.6,2.2,5.8
4.6,0.6,-25.98576381,1.6,2.2,5.8
4.8,0.6,-22.63049103,1.6,2.2,5.8
5,0.6,-20.30933783,1.6,2.2,5.8
2.6,0.7,-20.68919937,1.6,2.2,5.8
2.8,0.7,-21.61374453,1.6,2.2,5.8
3,0.7,-23.02227032,1.6,2.2,5.8
3.2,0.7,-25.19712601,1.6,2.2,5.8
3.4,0.7,-28.57878725,1.6,2.2,5.8
3.6,0.7,-31.02887253,1.6,2.2,5.8
3.8,0.7,-36.68418,1.6,2.2,5.8
4.2,0.7,-31.73334318,1.6,2.2,5.8
4.4,0.7,-25.87212766,1.6,2.2,5.8
4.6,0.7,-23.23037311,1.6,2.2,5.8
4.8,0.7,-20.58145429,1.6,2.2,5.8
2.4,0.8,-20.14720487,1.6,2.2,5.8
2.6,0.8,-21.56707535,1.6,2.2,5.8
2.8,0.8,-22.82514991,1.6,2.2,5.8
3,0.8,-23.71534329,1.6,2.2,5.8
3.2,0.8,-27.12445841,1.6,2.2,5.8
3.4,0.8,-30.00184971,1.6,2.2,5.8
3.6,0.8,-35.53227193,1.6,2.2,5.8
3.8,0.8,-38.95873286,1.6,2.2,5.8
4,0.8,-32.56961726,1.6,2.2,5.8
4.2,0.8,-27.22754841,1.6,2.2,5.8
4.4,0.8,-23.79687683,1.6,2.2,5.8
4.6,0.8,-21.48651448,1.6,2.2,5.8
2.2,0.9,-20.18963712,1.6,2.2,5.8
2.4,0.9,-21.06494297,1.6,2.2,5.8
2.6,0.9,-21.72546225,1.6,2.2,5.8
2.8,0.9,-23.82001052,1.6,2.2,5.8
3,0.9,-26.34882419,1.6,2.2,5.8
3.2,0.9,-28.63198924,1.6,2.2,5.8
3.4,0.9,-33.58769808,1.6,2.2,5.8
3.8,0.9,-37.32729413,1.6,2.2,5.8
4,0.9,-28.33403429,1.6,2.2,5.8
4.2,0.9,-24.70934393,1.6,2.2,5.8
4.4,0.9,-21.80269292,1.6,2.2,5.8
2,1,-20.23415862,1.6,2.2,5.8
2.2,1,-20.91807815,1.6,2.2,5.8
2.4,1,-21.90226394,1.6,2.2,5.8
2.6,1,-22.96443608,1.6,2.2,5.8
2.8,1,-25.44092486,1.6,2.2,5.8
3,1,-26.85230642,1.6,2.2,5.8
3.2,1,-30.4852148,1.6,2.2,5.8
3.4,1,-35.97921383,1.6,2.2,5.8
3.6,1,-38.81613744,1.6,2.2,5.8
3.8,1,-30.31534466,1.6,2.2,5.8
4,1,-26.19892528,1.6,2.2,5.8
4.2,1,-22.75510247,1.6,2.2,5.8
4.4,1,-20.12336586,1.6,2.2,5.8
0.8,0.2,-24.9151413,1.6,3.35,0.915
2.4,0.2,-28.41369674,1.6,3.35,0.915
2.8,0.2,-28.12966621,1.6,3.35,0.915
3.6,0.2,-28.02709926,1.6,3.35,0.915
5.2,0.2,-24.61320932,1.6,3.35,0.915
7.2,0.2,-22.32429261,1.6,3.35,0.915
9.2,0.2,-20.79482347,1.6,3.35,0.915
10,0.2,-21.76007434,1.6,3.35,0.915
11.6,0.2,-27.80463003,1.6,3.35,0.915
13.2,0.2,-22.45858501,1.6,3.35,0.915
14.8,0.2,-26.68921904,1.6,3.35,0.915
16.4,0.2,-24.84634883,1.6,3.35,0.915
17.2,0.2,-25.51298947,1.6,3.35,0.915
19.6,0.2,-24.40801915,1.6,3.35,0.915
26.4,0.2,-22.73089757,1.6,3.35,0.915
1.6,0.4,-33.88965229,1.6,3.35,0.915
4.4,0.4,-21.40991423,1.6,3.35,0.915
8.4,0.4,-26.23855183,1.6,3.35,0.915
19.6,0.4,-24.52806171,1.6,3.35,0.915
21.2,0.4,-22.50920597,1.6,3.35,0.915
23.6,0.4,-21.17475363,1.6,3.35,0.915
26.4,0.4,-27.39045832,1.6,3.35,0.915
27.6,0.4,-22.89594522,1.6,3.35,0.915
1.6,0.6,-27.94000511,1.6,3.35,0.915
5.2,0.6,-22.44305198,1.6,3.35,0.915
6.4,0.6,-22.54756531,1.6,3.35,0.915
15.2,0.6,-22.13365946,1.6,3.35,0.915
16.8,0.6,-33.74282565,1.6,3.35,0.915
24,0.6,-24.38134767,1.6,3.35,0.915
25.2,0.6,-20.41300974,1.6,3.35,0.915
28,0.6,-23.0763479,1.6,3.35,0.915
0.4,0.8,-23.18481523,1.6,3.35,0.915
2,0.8,-21.27474476,1.6,3.35,0.915
2.8,0.8,-22.64890309,1.6,3.35,0.915
3.2,0.8,-29.69391552,1.6,3.35,0.915
5.2,0.8,-21.27113402,1.6,3.35,0.915
6,0.8,-31.71247632,1.6,3.35,0.915
6.4,0.8,-20.90547699,1.6,3.35,0.915
11.6,0.8,-23.66650838,1.6,3.35,0.915
12,0.8,-27.97547726,1.6,3.35,0.915
12.4,0.8,-24.72000278,1.6,3.35,0.915
15.2,0.8,-22.01250412,1.6,3.35,0.915
20.4,0.8,-22.82833027,1.6,3.35,0.915
20.8,0.8,-26.84885394,1.6,3.35,0.915
4.4,1,-22.15387004,1.6,3.35,0.915
34,0.2,-23.51003553,1.6,3.35,0.915
0.4,0.2,-23.56370357,1.6,3.35,2.45
0.6,0.2,-22.73533998,1.6,3.35,2.45
0.8,0.2,-22.69756316,1.6,3.35,2.45
1,0.2,-22.89704739,1.6,3.35,2.45
1.2,0.2,-23.4125782,1.6,3.35,2.45
1.4,0.2,-23.00018624,1.6,3.35,2.45
1.6,0.2,-23.25203341,1.6,3.35,2.45
1.8,0.2,-23.1901949,1.6,3.35,2.45
2,0.2,-24.18849072,1.6,3.35,2.45
2.2,0.2,-24.97038599,1.6,3.35,2.45
2.4,0.2,-22.77948339,1.6,3.35,2.45
2.6,0.2,-24.52881567,1.6,3.35,2.45
2.8,0.2,-25.67500327,1.6,3.35,2.45
3,0.2,-24.0751515,1.6,3.35,2.45
3.2,0.2,-24.76734942,1.6,3.35,2.45
3.4,0.2,-23.92870898,1.6,3.35,2.45
3.6,0.2,-23.59509918,1.6,3.35,2.45
3.8,0.2,-24.98724062,1.6,3.35,2.45
4,0.2,-25.03362648,1.6,3.35,2.45
4.2,0.2,-25.99240019,1.6,3.35,2.45
4.4,0.2,-26.9646301,1.6,3.35,2.45
4.6,0.2,-26.29007644,1.6,3.35,2.45
4.8,0.2,-27.16765977,1.6,3.35,2.45
5,0.2,-26.60451178,1.6,3.35,2.45
5.2,0.2,-28.52694209,1.6,3.35,2.45
5.4,0.2,-27.31853988,1.6,3.35,2.45
5.6,0.2,-28.10833166,1.6,3.35,2.45
5.8,0.2,-30.59033293,1.6,3.35,2.45
6,0.2,-28.75958188,1.6,3.35,2.45
6.2,0.2,-29.01657536,1.6,3.35,2.45
6.4,0.2,-32.29516602,1.6,3.35,2.45
6.6,0.2,-32.86433131,1.6,3.35,2.45
6.8,0.2,-37.84554573,1.6,3.35,2.45
7,0.2,-36.15675669,1.6,3.35,2.45
7.2,0.2,-31.96868606,1.6,3.35,2.45
7.4,0.2,-39.49732847,1.6,3.35,2.45
7.6,0.2,-33.92939487,1.6,3.35,2.45
0.4,0.3,-22.74672902,1.6,3.35,2.45
0.6,0.3,-22.54779157,1.6,3.35,2.45
0.8,0.3,-23.8007623,1.6,3.35,2.45
1,0.3,-22.42562075,1.6,3.35,2.45
1.2,0.3,-22.44981658,1.6,3.35,2.45
1.4,0.3,-24.36861607,1.6,3.35,2.45
1.6,0.3,-22.74308978,1.6,3.35,2.45
1.8,0.3,-22.83378072,1.6,3.35,2.45
2,0.3,-23.77583672,1.6,3.35,2.45
2.2,0.3,-24.69324094,1.6,3.35,2.45
2.4,0.3,-24.89507215,1.6,3.35,2.45
2.6,0.3,-24.58514749,1.6,3.35,2.45
2.8,0.3,-24.87327423,1.6,3.35,2.45
3,0.3,-23.54001462,1.6,3.35,2.45
3.2,0.3,-25.48118431,1.6,3.35,2.45
3.4,0.3,-26.18499404,1.6,3.35,2.45
3.6,0.3,-25.60141893,1.6,3.35,2.45
3.8,0.3,-27.12841067,1.6,3.35,2.45
4,0.3,-26.28369446,1.6,3.35,2.45
4.2,0.3,-26.02888377,1.6,3.35,2.45
4.4,0.3,-27.55615773,1.6,3.35,2.45
4.6,0.3,-27.64528344,1.6,3.35,2.45
4.8,0.3,-31.13176687,1.6,3.35,2.45
5,0.3,-29.46183076,1.6,3.35,2.45
5.2,0.3,-30.69693929,1.6,3.35,2.45
5.4,0.3,-29.02331589,1.6,3.35,2.45
5.6,0.3,-34.24641914,1.6,3.35,2.45
5.8,0.3,-30.47245959,1.6,3.35,2.45
6,0.3,-32.74697075,1.6,3.35,2.45
6.2,0.3,-35.32356152,1.6,3.35,2.45
6.4,0.3,-34.21212832,1.6,3.35,2.45
6.6,0.3,-38.39006146,1.6,3.35,2.45
6.8,0.3,-32.26798582,1.6,3.35,2.45
7,0.3,-32.38491589,1.6,3.35,2.45
7.2,0.3,-36.64052415,1.6,3.35,2.45
7.4,0.3,-34.87342378,1.6,3.35,2.45
7.6,0.3,-31.65426841,1.6,3.35,2.45
0.4,0.4,-22.53086322,1.6,3.35,2.45
0.6,0.4,-22.98035485,1.6,3.35,2.45
0.8,0.4,-24.01081789,1.6,3.35,2.45
1,0.4,-22.3342379,1.6,3.35,2.45
1.2,0.4,-23.63424473,1.6,3.35,2.45
1.4,0.4,-24.01868126,1.6,3.35,2.45
1.6,0.4,-22.0992079,1.6,3.35,2.45
1.8,0.4,-24.0068907,1.6,3.35,2.45
2,0.4,-25.06631723,1.6,3.35,2.45
2.2,0.4,-24.44239972,1.6,3.35,2.45
2.4,0.4,-24.62077451,1.6,3.35,2.45
2.6,0.4,-24.65377321,1.6,3.35,2.45
2.8,0.4,-24.54440804,1.6,3.35,2.45
3.2,0.4,-25.33337035,1.6,3.35,2.45
3.4,0.4,-26.98847893,1.6,3.35,2.45
3.6,0.4,-27.59471835,1.6,3.35,2.45
3.8,0.4,-27.72106099,1.6,3.35,2.45
4,0.4,-26.30515591,1.6,3.35,2.45
4.2,0.4,-27.85806228,1.6,3.35,2.45
4.4,0.4,-27.38257936,1.6,3.35,2.45
4.6,0.4,-28.52867738,1.6,3.35,2.45
4.8,0.4,-32.24606856,1.6,3.35,2.45
5,0.4,-32.5624211,1.6,3.35,2.45
5.2,0.4,-30.87808538,1.6,3.35,2.45
5.4,0.4,-37.38058181,1.6,3.35,2.45
5.8,0.4,-36.25043845,1.6,3.35,2.45
6,0.4,-34.17947065,1.6,3.35,2.45
6.2,0.4,-35.2763046,1.6,3.35,2.45
6.4,0.4,-33.99180854,1.6,3.35,2.45
7,0.4,-32.86674556,1.6,3.35,2.45
7.2,0.4,-32.29420033,1.6,3.35,2.45
7.4,0.4,-32.63019813,1.6,3.35,2.45
7.6,0.4,-29.4303655,1.6,3.35,2.45
0.4,0.5,-22.72936495,1.6,3.35,2.45
0.6,0.5,-22.95717271,1.6,3.35,2.45
0.8,0.5,-23.01001397,1.6,3.35,2.45
1,0.5,-21.963714,1.6,3.35,2.45
1.2,0.5,-23.48141408,1.6,3.35,2.45
1.4,0.5,-23.32868052,1.6,3.35,2.45
1.6,0.5,-23.5105174,1.6,3.35,2.45
1.8,0.5,-25.02069521,1.6,3.35,2.45
2,0.5,-25.01073333,1.6,3.35,2.45
2.2,0.5,-24.97939993,1.6,3.35,2.45
2.4,0.5,-24.90992692,1.6,3.35,2.45
2.6,0.5,-25.11623908,1.6,3.35,2.45
2.8,0.5,-25.79549117,1.6,3.35,2.45
3,0.5,-26.21154344,1.6,3.35,2.45
3.2,0.5,-26.63797482,1.6,3.35,2.45
3.4,0.5,-27.38254723,1.6,3.35,2.45
3.6,0.5,-30.218699,1.6,3.35,2.45
3.8,0.5,-28.63675375,1.6,3.35,2.45
4,0.5,-27.82869549,1.6,3.35,2.45
4.2,0.5,-30.83682626,1.6,3.35,2.45
4.4,0.5,-29.60617163,1.6,3.35,2.45
4.6,0.5,-31.91936111,1.6,3.35,2.45
4.8,0.5,-33.72394058,1.6,3.35,2.45
5,0.5,-36.22731916,1.6,3.35,2.45
5.2,0.5,-34.31240488,1.6,3.35,2.45
5.4,0.5,-38.76045406,1.6,3.35,2.45
6,0.5,-39.20902959,1.6,3.35,2.45
6.2,0.5,-36.15230743,1.6,3.35,2.45
6.4,0.5,-33.96829085,1.6,3.35,2.45
6.6,0.5,-31.83010009,1.6,3.35,2.45
6.8,0.5,-31.25086352,1.6,3.35,2.45
7,0.5,-30.46345144,1.6,3.35,2.45
7.2,0.5,-30.42564561,1.6,3.35,2.45
7.4,0.5,-28.24591065,1.6,3.35,2.45
7.6,0.5,-27.22018662,1.6,3.35,2.45
0.4,0.6,-22.35545885,1.6,3.35,2.45
0.6,0.6,-23.04879085,1.6,3.35,2.45
0.8,0.6,-22.60399735,1.6,3.35,2.45
1,0.6,-23.46832546,1.6,3.35,2.45
1.2,0.6,-23.07519979,1.6,3.35,2.45
1.4,0.6,-23.05011607,1.6,3.35,2.45
1.6,0.6,-23.0482834,1.6,3.35,2.45
1.8,0.6,-23.8225023,1.6,3.35,2.45
2,0.6,-23.77628213,1.6,3.35,2.45
2.2,0.6,-24.87974219,1.6,3.35,2.45
2.4,0.6,-25.57180014,1.6,3.35,2.45
2.6,0.6,-25.40638371,1.6,3.35,2.45
2.8,0.6,-25.96599126,1.6,3.35,2.45
3,0.6,-24.84423085,1.6,3.35,2.45
3.2,0.6,-28.09730668,1.6,3.35,2.45
3.4,0.6,-27.46226536,1.6,3.35,2.45
3.6,0.6,-27.98191086,1.6,3.35,2.45
4,0.6,-28.58109866,1.6,3.35,2.45
4.2,0.6,-29.34582113,1.6,3.35,2.45
4.4,0.6,-34.34230551,1.6,3.35,2.45
4.6,0.6,-36.19961526,1.6,3.35,2.45
4.8,0.6,-32.57796302,1.6,3.35,2.45
5,0.6,-38.61634769,1.6,3.35,2.45
5.2,0.6,-34.24159638,1.6,3.35,2.45
5.4,0.6,-31.58939793,1.6,3.35,2.45
5.6,0.6,-37.04443418,1.6,3.35,2.45
6.4,0.6,-34.81518235,1.6,3.35,2.45
6.6,0.6,-29.56200552,1.6,3.35,2.45
6.8,0.6,-33.43063935,1.6,3.35,2.45
7,0.6,-32.86646951,1.6,3.35,2.45
7.2,0.6,-27.27641788,1.6,3.35,2.45
7.4,0.6,-25.8141143,1.6,3.35,2.45
7.6,0.6,-24.46100832,1.6,3.35,2.45
0.4,0.7,-22.17954826,1.6,3.35,2.45
0.6,0.7,-22.18928784,1.6,3.35,2.45
0.8,0.7,-23.6539447,1.6,3.35,2.45
1,0.7,-23.35796363,1.6,3.35,2.45
1.2,0.7,-23.31942839,1.6,3.35,2.45
1.4,0.7,-23.242414,1.6,3.35,2.45
1.6,0.7,-24.85331832,1.6,3.35,2.45
2,0.7,-24.63101895,1.6,3.35,2.45
2.2,0.7,-25.81533331,1.6,3.35,2.45
2.4,0.7,-26.05353147,1.6,3.35,2.45
2.8,0.7,-25.32576217,1.6,3.35,2.45
3,0.7,-26.82566649,1.6,3.35,2.45
3.2,0.7,-27.52958533,1.6,3.35,2.45
3.4,0.7,-29.85386362,1.6,3.35,2.45
3.6,0.7,-31.02476877,1.6,3.35,2.45
3.8,0.7,-30.06061481,1.6,3.35,2.45
4,0.7,-28.8121368,1.6,3.35,2.45
4.2,0.7,-30.70458737,1.6,3.35,2.45
4.4,0.7,-31.72555525,1.6,3.35,2.45
4.6,0.7,-31.7336277,1.6,3.35,2.45
4.8,0.7,-36.04011339,1.6,3.35,2.45
5,0.7,-35.37713929,1.6,3.35,2.45
5.2,0.7,-34.72609422,1.6,3.35,2.45
5.4,0.7,-35.7960998,1.6,3.35,2.45
5.6,0.7,-32.85992663,1.6,3.35,2.45
5.8,0.7,-38.46475559,1.6,3.35,2.45
6,0.7,-32.47378771,1.6,3.35,2.45
6.2,0.7,-31.31724013,1.6,3.35,2.45
6.4,0.7,-32.19007284,1.6,3.35,2.45
6.8,0.7,-27.9702734,1.6,3.35,2.45
7,0.7,-26.28719452,1.6,3.35,2.45
7.2,0.7,-26.16334995,1.6,3.35,2.45
7.4,0.7,-24.92106516,1.6,3.35,2.45
7.6,0.7,-24.05463772,1.6,3.35,2.45
0.4,0.8,-22.00165147,1.6,3.35,2.45
0.6,0.8,-22.99187747,1.6,3.35,2.45
0.8,0.8,-23.09864421,1.6,3.35,2.45
1,0.8,-23.10380072,1.6,3.35,2.45
1.2,0.8,-24.21775901,1.6,3.35,2.45
1.4,0.8,-24.51181953,1.6,3.35,2.45
1.6,0.8,-24.72491785,1.6,3.35,2.45
1.8,0.8,-24.58928478,1.6,3.35,2.45
2.2,0.8,-25.35580939,1.6,3.35,2.45
2.4,0.8,-25.61661569,1.6,3.35,2.45
2.6,0.8,-25.96148533,1.6,3.35,2.45
2.8,0.8,-27.03892786,1.6,3.35,2.45
3,0.8,-26.98567044,1.6,3.35,2.45
3.2,0.8,-28.13625405,1.6,3.35,2.45
3.4,0.8,-31.12738158,1.6,3.35,2.45
3.6,0.8,-29.19307484,1.6,3.35,2.45
3.8,0.8,-31.78748133,1.6,3.35,2.45
4,0.8,-34.28629113,1.6,3.35,2.45
4.2,0.8,-33.73360331,1.6,3.35,2.45
4.4,0.8,-33.60753765,1.6,3.35,2.45
4.6,0.8,-38.19203214,1.6,3.35,2.45
5,0.8,-36.24652023,1.6,3.35,2.45
5.2,0.8,-35.45937824,1.6,3.35,2.45
5.6,0.8,-32.76515219,1.6,3.35,2.45
6,0.8,-31.72148872,1.6,3.35,2.45
6.2,0.8,-29.50496146,1.6,3.35,2.45
6.4,0.8,-29.21348392,1.6,3.35,2.45
6.6,0.8,-28.33437109,1.6,3.35,2.45
6.8,0.8,-28.05581307,1.6,3.35,2.45
7,0.8,-24.59814469,1.6,3.35,2.45
7.2,0.8,-25.2176146,1.6,3.35,2.45
7.4,0.8,-22.76607072,1.6,3.35,2.45
7.6,0.8,-23.13540971,1.6,3.35,2.45
0.6,0.9,-22.81335006,1.6,3.35,2.45
0.8,0.9,-24.03273724,1.6,3.35,2.45
1,0.9,-22.79480084,1.6,3.35,2.45
1.2,0.9,-24.23265199,1.6,3.35,2.45
1.4,0.9,-23.43638042,1.6,3.35,2.45
1.6,0.9,-23.64493032,1.6,3.35,2.45
1.8,0.9,-24.99100608,1.6,3.35,2.45
2,0.9,-24.99740185,1.6,3.35,2.45
2.2,0.9,-25.26116826,1.6,3.35,2.45
2.4,0.9,-26.65550358,1.6,3.35,2.45
2.6,0.9,-26.68600091,1.6,3.35,2.45
2.8,0.9,-26.8388797,1.6,3.35,2.45
3.2,0.9,-27.8568068,1.6,3.35,2.45
3.4,0.9,-32.7058492,1.6,3.35,2.45
3.6,0.9,-34.42938397,1.6,3.35,2.45
3.8,0.9,-32.83165055,1.6,3.35,2.45
4,0.9,-32.06634912,1.6,3.35,2.45
4.6,0.9,-36.38499089,1.6,3.35,2.45
4.8,0.9,-35.04732161,1.6,3.35,2.45
5,0.9,-38.45597319,1.6,3.35,2.45
5.4,0.9,-33.73114673,1.6,3.35,2.45
5.6,0.9,-30.89067331,1.6,3.35,2.45
5.8,0.9,-29.10558738,1.6,3.35,2.45
6,0.9,-28.95977355,1.6,3.35,2.45
6.2,0.9,-27.0674014,1.6,3.35,2.45
6.4,0.9,-25.48052638,1.6,3.35,2.45
6.6,0.9,-26.17525326,1.6,3.35,2.45
6.8,0.9,-24.22817826,1.6,3.35,2.45
7,0.9,-22.95713713,1.6,3.35,2.45
7.2,0.9,-22.45380354,1.6,3.35,2.45
7.4,0.9,-21.85367467,1.6,3.35,2.45
0.4,1,-23.8543434,1.6,3.35,2.45
0.6,1,-23.25654341,1.6,3.35,2.45
0.8,1,-24.22496341,1.6,3.35,2.45
1,1,-23.31237206,1.6,3.35,2.45
1.2,1,-24.66015924,1.6,3.35,2.45
1.4,1,-23.67717433,1.6,3.35,2.45
1.6,1,-25.40746729,1.6,3.35,2.45
1.8,1,-25.86226944,1.6,3.35,2.45
2,1,-25.32272789,1.6,3.35,2.45
2.2,1,-24.39996537,1.6,3.35,2.45
2.4,1,-26.25188945,1.6,3.35,2.45
2.6,1,-29.17913762,1.6,3.35,2.45
2.8,1,-27.41393616,1.6,3.35,2.45
3,1,-30.51705089,1.6,3.35,2.45
3.2,1,-28.51019276,1.6,3.35,2.45
3.4,1,-31.5456189,1.6,3.35,2.45
3.6,1,-31.36462586,1.6,3.35,2.45
4,1,-33.05213598,1.6,3.35,2.45
4.2,1,-32.57910404,1.6,3.35,2.45
4.4,1,-34.5617049,1.6,3.35,2.45
4.8,1,-35.69158732,1.6,3.35,2.45
5,1,-35.82043936,1.6,3.35,2.45
5.2,1,-32.71668385,1.6,3.35,2.45
5.4,1,-33.65488332,1.6,3.35,2.45
5.6,1,-30.38287419,1.6,3.35,2.45
5.8,1,-26.68136357,1.6,3.35,2.45
6,1,-26.10544839,1.6,3.35,2.45
6.2,1,-25.56739323,1.6,3.35,2.45
6.4,1,-25.57837795,1.6,3.35,2.45
6.6,1,-24.68585169,1.6,3.35,2.45
6.8,1,-23.56134345,1.6,3.35,2.45
7,1,-22.27195863,1.6,3.35,2.45
7.2,1,-21.97604688,1.6,3.35,2.45
7.4,1,-20.74039637,1.6,3.35,2.45
3.8,0.2,-20.20339292,1.6,3.35,4
4.2,0.2,-21.01890851,1.6,3.35,4
4.4,0.2,-21.38342699,1.6,3.35,4
4.6,0.2,-22.20562508,1.6,3.35,4
4.8,0.2,-23.33062153,1.6,3.35,4
5,0.2,-24.0619734,1.6,3.35,4
5.2,0.2,-26.09457118,1.6,3.35,4
5.4,0.2,-27.30940075,1.6,3.35,4
5.6,0.2,-27.77598011,1.6,3.35,4
6,0.2,-32.34627353,1.6,3.35,4
6.4,0.2,-39.65662654,1.6,3.35,4
6.6,0.2,-36.14145147,1.6,3.35,4
6.8,0.2,-29.30353865,1.6,3.35,4
7,0.2,-26.3521382,1.6,3.35,4
7.2,0.2,-23.89320517,1.6,3.35,4
7.4,0.2,-21.2738028,1.6,3.35,4
3.6,0.3,-20.96723977,1.6,3.35,4
3.8,0.3,-20.89706921,1.6,3.35,4
4,0.3,-21.23834539,1.6,3.35,4
4.2,0.3,-22.57146084,1.6,3.35,4
4.4,0.3,-24.00182537,1.6,3.35,4
4.6,0.3,-24.34967155,1.6,3.35,4
4.8,0.3,-26.20169828,1.6,3.35,4
5,0.3,-26.95461391,1.6,3.35,4
5.2,0.3,-29.80524413,1.6,3.35,4
5.4,0.3,-31.46149364,1.6,3.35,4
5.6,0.3,-37.66664906,1.6,3.35,4
5.8,0.3,-39.77232984,1.6,3.35,4
6.4,0.3,-28.74839367,1.6,3.35,4
6.6,0.3,-24.37125043,1.6,3.35,4
6.8,0.3,-22.53723451,1.6,3.35,4
7,0.3,-20.93864902,1.6,3.35,4
3.2,0.4,-20.37864842,1.6,3.35,4
3.4,0.4,-20.85923662,1.6,3.35,4
3.6,0.4,-21.70413987,1.6,3.35,4
3.8,0.4,-22.4066052,1.6,3.35,4
4,0.4,-22.49615361,1.6,3.35,4
4.2,0.4,-23.30335295,1.6,3.35,4
4.4,0.4,-25.32986469,1.6,3.35,4
4.6,0.4,-26.21931367,1.6,3.35,4
4.8,0.4,-29.40020224,1.6,3.35,4
5,0.4,-32.32293984,1.6,3.35,4
5.2,0.4,-37.64606056,1.6,3.35,4
5.4,0.4,-37.81610441,1.6,3.35,4
5.6,0.4,-37.79527428,1.6,3.35,4
5.8,0.4,-33.38172756,1.6,3.35,4
6,0.4,-29.75917145,1.6,3.35,4
6.2,0.4,-26.11864944,1.6,3.35,4
6.4,0.4,-23.57692205,1.6,3.35,4
6.6,0.4,-21.60529413,1.6,3.35,4
2.6,0.5,-20.11203997,1.6,3.35,4
3,0.5,-21.13588484,1.6,3.35,4
3.2,0.5,-21.25426581,1.6,3.35,4
3.4,0.5,-22.54305521,1.6,3.35,4
3.6,0.5,-22.05393557,1.6,3.35,4
3.8,0.5,-23.48875944,1.6,3.35,4
4,0.5,-24.57445671,1.6,3.35,4
4.2,0.5,-24.95680668,1.6,3.35,4
4.4,0.5,-26.4225463,1.6,3.35,4
4.6,0.5,-27.94659202,1.6,3.35,4
4.8,0.5,-31.73849745,1.6,3.35,4
5.4,0.5,-35.38957619,1.6,3.35,4
5.6,0.5,-31.32109539,1.6,3.35,4
5.8,0.5,-26.79296063,1.6,3.35,4
6,0.5,-24.73150477,1.6,3.35,4
6.2,0.5,-22.112517,1.6,3.35,4
6.4,0.5,-20.53230972,1.6,3.35,4
2.6,0.6,-20.48536013,1.6,3.35,4
2.8,0.6,-20.15467941,1.6,3.35,4
3,0.6,-20.86118934,1.6,3.35,4
3.2,0.6,-22.44259866,1.6,3.35,4
3.4,0.6,-23.25414899,1.6,3.35,4
3.6,0.6,-24.20210909,1.6,3.35,4
3.8,0.6,-24.32684096,1.6,3.35,4
4,0.6,-26.88860086,1.6,3.35,4
4.2,0.6,-27.682903,1.6,3.35,4
4.4,0.6,-29.68226953,1.6,3.35,4
4.6,0.6,-34.96281713,1.6,3.35,4
5.4,0.6,-30.49853074,1.6,3.35,4
5.6,0.6,-26.44686718,1.6,3.35,4
5.8,0.6,-24.19539138,1.6,3.35,4
6,0.6,-22.51535967,1.6,3.35,4
6.2,0.6,-20.66333897,1.6,3.35,4
2.4,0.7,-20.55853452,1.6,3.35,4
2.6,0.7,-20.89208793,1.6,3.35,4
2.8,0.7,-20.79478306,1.6,3.35,4
3,0.7,-22.67154431,1.6,3.35,4
3.2,0.7,-23.39011115,1.6,3.35,4
3.4,0.7,-23.88365917,1.6,3.35,4
3.6,0.7,-25.29442976,1.6,3.35,4
3.8,0.7,-26.79785053,1.6,3.35,4
4,0.7,-28.1136129,1.6,3.35,4
4.2,0.7,-31.07518739,1.6,3.35,4
4.4,0.7,-34.65482957,1.6,3.35,4
5,0.7,-36.25942093,1.6,3.35,4
5.2,0.7,-29.70651715,1.6,3.35,4
5.4,0.7,-26.9166368,1.6,3.35,4
5.6,0.7,-24.18537128,1.6,3.35,4
5.8,0.7,-21.61772683,1.6,3.35,4
6,0.7,-20.24087371,1.6,3.35,4
2.2,0.8,-20.11790187,1.6,3.35,4
2.4,0.8,-20.59810432,1.6,3.35,4
2.6,0.8,-21.02227296,1.6,3.35,4
2.8,0.8,-22.14764994,1.6,3.35,4
3,0.8,-23.08352902,1.6,3.35,4
3.2,0.8,-24.21311366,1.6,3.35,4
3.4,0.8,-24.69948487,1.6,3.35,4
3.6,0.8,-27.07870011,1.6,3.35,4
3.8,0.8,-28.39838953,1.6,3.35,4
4,0.8,-29.06664731,1.6,3.35,4
4.2,0.8,-30.66638009,1.6,3.35,4
4.4,0.8,-35.80364245,1.6,3.35,4
4.6,0.8,-39.67726106,1.6,3.35,4
4.8,0.8,-38.00185474,1.6,3.35,4
5,0.8,-31.38215627,1.6,3.35,4
5.2,0.8,-26.07676436,1.6,3.35,4
5.4,0.8,-23.60217149,1.6,3.35,4
5.6,0.8,-21.71460959,1.6,3.35,4
5.8,0.8,-20.35352993,1.6,3.35,4
2,0.9,-20.2433836,1.6,3.35,4
2.2,0.9,-20.42761603,1.6,3.35,4
2.4,0.9,-20.67798011,1.6,3.35,4
2.6,0.9,-21.68556712,1.6,3.35,4
2.8,0.9,-22.5985706,1.6,3.35,4
3,0.9,-23.83882332,1.6,3.35,4
3.2,0.9,-24.1894124,1.6,3.35,4
3.4,0.9,-26.56855567,1.6,3.35,4
3.6,0.9,-26.61795405,1.6,3.35,4
3.8,0.9,-29.74555427,1.6,3.35,4
4,0.9,-33.14905071,1.6,3.35,4
4.2,0.9,-37.71883492,1.6,3.35,4
4.6,0.9,-34.1886152,1.6,3.35,4
4.8,0.9,-30.1238745,1.6,3.35,4
5,0.9,-26.69026441,1.6,3.35,4
5.2,0.9,-24.08024483,1.6,3.35,4
5.4,0.9,-22.45427647,1.6,3.35,4
5.6,0.9,-20.21202292,1.6,3.35,4
2.2,1,-20.95324761,1.6,3.35,4
2.4,1,-21.48255978,1.6,3.35,4
2.6,1,-22.34591086,1.6,3.35,4
2.8,1,-23.25593312,1.6,3.35,4
3,1,-24.35593242,1.6,3.35,4
3.2,1,-26.48746899,1.6,3.35,4
3.4,1,-26.96107178,1.6,3.35,4
3.6,1,-30.85613982,1.6,3.35,4
3.8,1,-32.65912842,1.6,3.35,4
4,1,-39.65617655,1.6,3.35,4
4.6,1,-30.7578685,1.6,3.35,4
4.8,1,-25.9696915,1.6,3.35,4
5,1,-24.24935811,1.6,3.35,4
5.2,1,-22.21912947,1.6,3.35,4
5.4,1,-20.34640624,1.6,3.35,4
3.4,0.2,-20.92806734,1.6,3.35,5.8
3.6,0.2,-22.00159846,1.6,3.35,5.8
3.8,0.2,-23.19606827,1.6,3.35,5.8
4,0.2,-26.38958905,1.6,3.35,5.8
4.2,0.2,-27.80433767,1.6,3.35,5.8
4.4,0.2,-31.17899277,1.6,3.35,5.8
4.6,0.2,-36.25156964,1.6,3.35,5.8
4.8,0.2,-31.16986301,1.6,3.35,5.8
5,0.2,-25.05155661,1.6,3.35,5.8
5.2,0.2,-20.29751617,1.6,3.35,5.8
2.8,0.3,-20.11043685,1.6,3.35,5.8
3,0.3,-20.75406157,1.6,3.35,5.8
3.2,0.3,-21.44751036,1.6,3.35,5.8
3.4,0.3,-22.26302547,1.6,3.35,5.8
3.6,0.3,-26.20141498,1.6,3.35,5.8
3.8,0.3,-29.1144634,1.6,3.35,5.8
4,0.3,-34.74039062,1.6,3.35,5.8
4.4,0.3,-32.12684845,1.6,3.35,5.8
4.6,0.3,-28.42815522,1.6,3.35,5.8
4.8,0.3,-23.13099315,1.6,3.35,5.8
2.8,0.4,-20.45782131,1.6,3.35,5.8
3,0.4,-22.15455946,1.6,3.35,5.8
3.2,0.4,-23.7919904,1.6,3.35,5.8
3.4,0.4,-26.56049522,1.6,3.35,5.8
3.6,0.4,-29.55800382,1.6,3.35,5.8
3.8,0.4,-38.22416714,1.6,3.35,5.8
4.2,0.4,-29.80101871,1.6,3.35,5.8
4.4,0.4,-24.50185477,1.6,3.35,5.8
4.6,0.4,-21.47594949,1.6,3.35,5.8
2.6,0.5,-20.99968489,1.6,3.35,5.8
2.8,0.5,-22.38151323,1.6,3.35,5.8
3,0.5,-23.48082413,1.6,3.35,5.8
3.2,0.5,-25.96764657,1.6,3.35,5.8
3.4,0.5,-31.03698224,1.6,3.35,5.8
3.6,0.5,-35.54699066,1.6,3.35,5.8
3.8,0.5,-38.4922805,1.6,3.35,5.8
4,0.5,-33.11668073,1.6,3.35,5.8
4.2,0.5,-25.07096819,1.6,3.35,5.8
4.4,0.5,-21.07567699,1.6,3.35,5.8
2.2,0.6,-20.28143723,1.6,3.35,5.8
2.4,0.6,-20.7421042,1.6,3.35,5.8
2.6,0.6,-22.17097775,1.6,3.35,5.8
2.8,0.6,-24.22022553,1.6,3.35,5.8
3,0.6,-25.67599124,1.6,3.35,5.8
3.2,0.6,-29.31892479,1.6,3.35,5.8
3.4,0.6,-36.2108287,1.6,3.35,5.8
3.8,0.6,-31.20183038,1.6,3.35,5.8
4,0.6,-24.84166642,1.6,3.35,5.8
4.2,0.6,-22.0167284,1.6,3.35,5.8
2.2,0.7,-20.47975756,1.6,3.35,5.8
2.4,0.7,-21.85491005,1.6,3.35,5.8
2.6,0.7,-23.11093071,1.6,3.35,5.8
2.8,0.7,-25.68654492,1.6,3.35,5.8
3,0.7,-28.52884182,1.6,3.35,5.8
3.2,0.7,-35.85461265,1.6,3.35,5.8
3.6,0.7,-32.20599798,1.6,3.35,5.8
3.8,0.7,-25.59760836,1.6,3.35,5.8
4,0.7,-22.23772292,1.6,3.35,5.8
2,0.8,-20.26107208,1.6,3.35,5.8
2.2,0.8,-21.14490081,1.6,3.35,5.8
2.4,0.8,-22.72403504,1.6,3.35,5.8
2.6,0.8,-24.45943871,1.6,3.35,5.8
2.8,0.8,-27.36171473,1.6,3.35,5.8
3,0.8,-34.01675369,1.6,3.35,5.8
3.4,0.8,-36.68070608,1.6,3.35,5.8
3.6,0.8,-27.90701212,1.6,3.35,5.8
3.8,0.8,-22.89399337,1.6,3.35,5.8
4,0.8,-20.2295243,1.6,3.35,5.8
2,0.9,-21.12612373,1.6,3.35,5.8
2.2,0.9,-22.06898757,1.6,3.35,5.8
2.4,0.9,-23.79511363,1.6,3.35,5.8
2.6,0.9,-26.20165118,1.6,3.35,5.8
2.8,0.9,-30.64264883,1.6,3.35,5.8
3,0.9,-37.51658237,1.6,3.35,5.8
3.2,0.9,-39.31826609,1.6,3.35,5.8
3.4,0.9,-29.83589706,1.6,3.35,5.8
3.6,0.9,-24.76419028,1.6,3.35,5.8
3.8,0.9,-20.64415824,1.6,3.35,5.8
2,1,-21.63431277,1.6,3.35,5.8
2.2,1,-22.84864303,1.6,3.35,5.8
2.4,1,-24.88240792,1.6,3.35,5.8
2.6,1,-29.16089461,1.6,3.35,5.8
2.8,1,-33.09024077,1.6,3.35,5.8
3.2,1,-32.01801721,1.6,3.35,5.8
3.4,1,-25.54514002,1.6,3.35,5.8
3.6,1,-22.03023243,1.6,3.35,5.8
0.4,0.2,-20.73679781,1.6,4.4,0.915
1.6,0.2,-33.29542908,1.6,4.4,0.915
6.8,0.2,-21.40716653,1.6,4.4,0.915
10.4,0.2,-22.12937345,1.6,4.4,0.915
11.6,0.2,-23.21953783,1.6,4.4,0.915
18.4,0.2,-24.49213842,1.6,4.4,0.915
21.6,0.2,-20.55097988,1.6,4.4,0.915
31.6,0.2,-37.97496912,1.6,4.4,0.915
0.4,0.4,-25.36677648,1.6,4.4,0.915
4.4,0.4,-30.15124627,1.6,4.4,0.915
10.4,0.4,-26.83242057,1.6,4.4,0.915
17.6,0.4,-20.77147102,1.6,4.4,0.915
0.8,0.6,-21.53192018,1.6,4.4,0.915
1.2,0.6,-25.91158432,1.6,4.4,0.915
1.6,0.6,-25.27480943,1.6,4.4,0.915
3.6,0.6,-22.61054551,1.6,4.4,0.915
6.4,0.8,-21.47134923,1.6,4.4,0.915
7.2,0.8,-25.14436106,1.6,4.4,0.915
12.4,0.8,-22.19484638,1.6,4.4,0.915
15.6,0.8,-23.37770064,1.6,4.4,0.915
0.4,1,-20.02325788,1.6,4.4,0.915
1.6,1,-20.41833109,1.6,4.4,0.915
2.4,1,-21.50209431,1.6,4.4,0.915
7.2,1,-23.17714276,1.6,4.4,0.915
7.6,1,-22.97172526,1.6,4.4,0.915
8,1,-23.8306585,1.6,4.4,0.915
8.8,1,-28.9242402,1.6,4.4,0.915
16,1,-35.90045971,1.6,4.4,0.915
19.6,1,-23.46036391,1.6,4.4,0.915
0.4,0.2,-20.41643673,1.6,4.4,2.45
0.6,0.2,-20.77516335,1.6,4.4,2.45
0.8,0.2,-20.13214439,1.6,4.4,2.45
1,0.2,-20.77418945,1.6,4.4,2.45
1.2,0.2,-20.44070823,1.6,4.4,2.45
1.4,0.2,-21.16553703,1.6,4.4,2.45
1.6,0.2,-20.41370807,1.6,4.4,2.45
1.8,0.2,-21.69549445,1.6,4.4,2.45
2,0.2,-21.18565778,1.6,4.4,2.45
2.4,0.2,-20.84880363,1.6,4.4,2.45
2.6,0.2,-21.92380869,1.6,4.4,2.45
2.8,0.2,-21.79404124,1.6,4.4,2.45
3,0.2,-22.09631378,1.6,4.4,2.45
3.2,0.2,-22.540422,1.6,4.4,2.45
3.4,0.2,-22.16355317,1.6,4.4,2.45
3.6,0.2,-22.45490597,1.6,4.4,2.45
3.8,0.2,-23.00277963,1.6,4.4,2.45
4,0.2,-22.97389462,1.6,4.4,2.45
4.2,0.2,-23.20768451,1.6,4.4,2.45
4.4,0.2,-24.95114506,1.6,4.4,2.45
4.6,0.2,-23.81872939,1.6,4.4,2.45
4.8,0.2,-23.51863689,1.6,4.4,2.45
5,0.2,-24.31265599,1.6,4.4,2.45
5.2,0.2,-25.84703706,1.6,4.4,2.45
5.4,0.2,-24.68262044,1.6,4.4,2.45
5.6,0.2,-25.42758958,1.6,4.4,2.45
5.8,0.2,-25.73117812,1.6,4.4,2.45
6.4,0.2,-31.06522796,1.6,4.4,2.45
6.6,0.2,-28.87684732,1.6,4.4,2.45
6.8,0.2,-30.3441965,1.6,4.4,2.45
7,0.2,-29.78843766,1.6,4.4,2.45
7.2,0.2,-30.06113337,1.6,4.4,2.45
7.4,0.2,-32.92488386,1.6,4.4,2.45
7.6,0.2,-32.1281987,1.6,4.4,2.45
7.8,0.2,-36.08875539,1.6,4.4,2.45
8,0.2,-36.81751034,1.6,4.4,2.45
8.2,0.2,-36.20808756,1.6,4.4,2.45
8.4,0.2,-34.59909878,1.6,4.4,2.45
8.6,0.2,-34.18817399,1.6,4.4,2.45
8.8,0.2,-31.53736925,1.6,4.4,2.45
9,0.2,-32.05735166,1.6,4.4,2.45
9.2,0.2,-29.98397268,1.6,4.4,2.45
9.6,0.2,-25.47847979,1.6,4.4,2.45
9.8,0.2,-29.39767203,1.6,4.4,2.45
10.2,0.2,-21.31002024,1.6,4.4,2.45
10.4,0.2,-21.68842813,1.6,4.4,2.45
11.6,0.2,-22.14574103,1.6,4.4,2.45
12,0.2,-22.39853725,1.6,4.4,2.45
13,0.2,-32.55630735,1.6,4.4,2.45
0.4,0.3,-20.90306952,1.6,4.4,2.45
0.6,0.3,-20.76029951,1.6,4.4,2.45
0.8,0.3,-20.45072688,1.6,4.4,2.45
1,0.3,-21.67166811,1.6,4.4,2.45
1.2,0.3,-20.97367487,1.6,4.4,2.45
1.4,0.3,-21.01447677,1.6,4.4,2.45
1.6,0.3,-20.60515209,1.6,4.4,2.45
1.8,0.3,-20.45365408,1.6,4.4,2.45
2,0.3,-21.726171,1.6,4.4,2.45
2.2,0.3,-21.3920487,1.6,4.4,2.45
2.4,0.3,-21.83955864,1.6,4.4,2.45
2.6,0.3,-22.36589696,1.6,4.4,2.45
2.8,0.3,-22.39070764,1.6,4.4,2.45
3,0.3,-22.1318853,1.6,4.4,2.45
3.2,0.3,-22.10081397,1.6,4.4,2.45
3.4,0.3,-23.18769699,1.6,4.4,2.45
3.6,0.3,-22.87867014,1.6,4.4,2.45
3.8,0.3,-24.17235487,1.6,4.4,2.45
4,0.3,-24.52783093,1.6,4.4,2.45
4.2,0.3,-24.91634409,1.6,4.4,2.45
4.4,0.3,-25.2819512,1.6,4.4,2.45
4.6,0.3,-26.17777381,1.6,4.4,2.45
4.8,0.3,-24.43660563,1.6,4.4,2.45
5.2,0.3,-27.56798533,1.6,4.4,2.45
5.4,0.3,-30.10963542,1.6,4.4,2.45
5.6,0.3,-28.33194095,1.6,4.4,2.45
5.8,0.3,-28.60196231,1.6,4.4,2.45
6.2,0.3,-30.24866976,1.6,4.4,2.45
6.4,0.3,-31.13895013,1.6,4.4,2.45
6.6,0.3,-33.34291808,1.6,4.4,2.45
6.8,0.3,-35.14368459,1.6,4.4,2.45
7.2,0.3,-35.85663475,1.6,4.4,2.45
7.6,0.3,-36.07448109,1.6,4.4,2.45
7.8,0.3,-36.36826822,1.6,4.4,2.45
8,0.3,-27.42763499,1.6,4.4,2.45
8.2,0.3,-30.52898976,1.6,4.4,2.45
8.4,0.3,-30.59676482,1.6,4.4,2.45
8.6,0.3,-29.34605087,1.6,4.4,2.45
8.8,0.3,-24.27182169,1.6,4.4,2.45
9,0.3,-24.38213588,1.6,4.4,2.45
9.2,0.3,-23.11018206,1.6,4.4,2.45
9.4,0.3,-21.69708765,1.6,4.4,2.45
9.6,0.3,-20.7495599,1.6,4.4,2.45
0.4,0.4,-20.61886791,1.6,4.4,2.45
0.6,0.4,-20.29299759,1.6,4.4,2.45
0.8,0.4,-20.41795059,1.6,4.4,2.45
1,0.4,-20.25159722,1.6,4.4,2.45
1.4,0.4,-20.77338928,1.6,4.4,2.45
1.6,0.4,-21.14412742,1.6,4.4,2.45
1.8,0.4,-22.45620564,1.6,4.4,2.45
2,0.4,-21.2518775,1.6,4.4,2.45
2.2,0.4,-20.94560824,1.6,4.4,2.45
2.4,0.4,-21.56623828,1.6,4.4,2.45
2.6,0.4,-22.25758902,1.6,4.4,2.45
3,0.4,-22.68931835,1.6,4.4,2.45
3.2,0.4,-23.37234445,1.6,4.4,2.45
3.4,0.4,-23.0254001,1.6,4.4,2.45
3.6,0.4,-24.55347041,1.6,4.4,2.45
3.8,0.4,-23.2785219,1.6,4.4,2.45
4,0.4,-24.01931172,1.6,4.4,2.45
4.2,0.4,-25.01459825,1.6,4.4,2.45
4.4,0.4,-25.23315166,1.6,4.4,2.45
4.6,0.4,-27.83822043,1.6,4.4,2.45
4.8,0.4,-27.25974841,1.6,4.4,2.45
5,0.4,-27.78860416,1.6,4.4,2.45
5.2,0.4,-28.99297213,1.6,4.4,2.45
5.4,0.4,-28.85223952,1.6,4.4,2.45
5.8,0.4,-30.47327683,1.6,4.4,2.45
6,0.4,-32.81362942,1.6,4.4,2.45
6.4,0.4,-32.87609891,1.6,4.4,2.45
6.6,0.4,-36.28208335,1.6,4.4,2.45
6.8,0.4,-34.40522063,1.6,4.4,2.45
7,0.4,-34.2483999,1.6,4.4,2.45
7.2,0.4,-36.59846591,1.6,4.4,2.45
7.4,0.4,-31.2519963,1.6,4.4,2.45
7.6,0.4,-31.88442476,1.6,4.4,2.45
7.8,0.4,-28.94402129,1.6,4.4,2.45
8,0.4,-27.09315739,1.6,4.4,2.45
8.2,0.4,-26.10488945,1.6,4.4,2.45
8.4,0.4,-23.509256,1.6,4.4,2.45
8.6,0.4,-24.87720537,1.6,4.4,2.45
8.8,0.4,-21.41019262,1.6,4.4,2.45
9,0.4,-21.50953139,1.6,4.4,2.45
9.2,0.4,-20.4357745,1.6,4.4,2.45
0.4,0.5,-20.37175529,1.6,4.4,2.45
0.6,0.5,-20.94212359,1.6,4.4,2.45
1,0.5,-20.43312685,1.6,4.4,2.45
1.2,0.5,-20.3856085,1.6,4.4,2.45
1.4,0.5,-21.53741733,1.6,4.4,2.45
1.6,0.5,-21.19609133,1.6,4.4,2.45
1.8,0.5,-21.72057222,1.6,4.4,2.45
2,0.5,-21.68378969,1.6,4.4,2.45
2.2,0.5,-21.28301335,1.6,4.4,2.45
2.4,0.5,-22.21514893,1.6,4.4,2.45
2.6,0.5,-23.60710624,1.6,4.4,2.45
2.8,0.5,-22.71175291,1.6,4.4,2.45
3,0.5,-23.77584662,1.6,4.4,2.45
3.4,0.5,-24.3648444,1.6,4.4,2.45
3.6,0.5,-24.83990372,1.6,4.4,2.45
4,0.5,-26.53382167,1.6,4.4,2.45
4.2,0.5,-27.02254486,1.6,4.4,2.45
4.4,0.5,-27.87175836,1.6,4.4,2.45
4.6,0.5,-27.44012285,1.6,4.4,2.45
4.8,0.5,-26.39540141,1.6,4.4,2.45
5,0.5,-28.08034561,1.6,4.4,2.45
5.2,0.5,-29.89763477,1.6,4.4,2.45
5.4,0.5,-32.67282656,1.6,4.4,2.45
5.6,0.5,-30.54413582,1.6,4.4,2.45
6,0.5,-33.88445738,1.6,4.4,2.45
6.8,0.5,-34.4285945,1.6,4.4,2.45
7,0.5,-28.49335322,1.6,4.4,2.45
7.2,0.5,-24.66327575,1.6,4.4,2.45
7.4,0.5,-27.50080096,1.6,4.4,2.45
7.8,0.5,-25.93889748,1.6,4.4,2.45
8,0.5,-23.93572008,1.6,4.4,2.45
8.2,0.5,-23.23299831,1.6,4.4,2.45
8.4,0.5,-22.00009996,1.6,4.4,2.45
8.8,0.5,-20.49033658,1.6,4.4,2.45
9,0.5,-20.60020927,1.6,4.4,2.45
9.4,0.5,-33.16200345,1.6,4.4,2.45
0.4,0.6,-20.02574912,1.6,4.4,2.45
0.8,0.6,-20.72258032,1.6,4.4,2.45
1,0.6,-21.27838952,1.6,4.4,2.45
1.2,0.6,-21.51195847,1.6,4.4,2.45
1.4,0.6,-21.76057657,1.6,4.4,2.45
1.6,0.6,-21.54979647,1.6,4.4,2.45
1.8,0.6,-21.86919706,1.6,4.4,2.45
2,0.6,-22.11053725,1.6,4.4,2.45
2.2,0.6,-22.57018886,1.6,4.4,2.45
2.4,0.6,-22.35947936,1.6,4.4,2.45
2.6,0.6,-23.11365266,1.6,4.4,2.45
2.8,0.6,-22.81022754,1.6,4.4,2.45
3,0.6,-23.86459595,1.6,4.4,2.45
3.2,0.6,-24.5982437,1.6,4.4,2.45
3.4,0.6,-25.22995204,1.6,4.4,2.45
3.6,0.6,-26.0609305,1.6,4.4,2.45
3.8,0.6,-26.85835754,1.6,4.4,2.45
4,0.6,-27.82654162,1.6,4.4,2.45
4.2,0.6,-29.33985128,1.6,4.4,2.45
4.4,0.6,-27.79672368,1.6,4.4,2.45
4.6,0.6,-32.33160536,1.6,4.4,2.45
4.8,0.6,-29.42503382,1.6,4.4,2.45
5,0.6,-34.00125432,1.6,4.4,2.45
5.6,0.6,-34.35312321,1.6,4.4,2.45
6,0.6,-36.20531302,1.6,4.4,2.45
7,0.6,-28.87410619,1.6,4.4,2.45
7.2,0.6,-26.2097642,1.6,4.4,2.45
7.4,0.6,-21.3993217,1.6,4.4,2.45
7.6,0.6,-24.466784,1.6,4.4,2.45
7.8,0.6,-23.04249013,1.6,4.4,2.45
8,0.6,-22.05648727,1.6,4.4,2.45
8.2,0.6,-21.59336204,1.6,4.4,2.45
8.4,0.6,-20.06094747,1.6,4.4,2.45
0.4,0.7,-20.0633334,1.6,4.4,2.45
0.6,0.7,-20.51848608,1.6,4.4,2.45
0.8,0.7,-20.35585181,1.6,4.4,2.45
1,0.7,-21.05115841,1.6,4.4,2.45
1.2,0.7,-21.33303546,1.6,4.4,2.45
1.4,0.7,-21.70089016,1.6,4.4,2.45
1.6,0.7,-21.38215111,1.6,4.4,2.45
1.8,0.7,-22.43197519,1.6,4.4,2.45
2,0.7,-22.2276909,1.6,4.4,2.45
2.2,0.7,-22.88043819,1.6,4.4,2.45
2.4,0.7,-23.08839851,1.6,4.4,2.45
2.6,0.7,-24.43079613,1.6,4.4,2.45
2.8,0.7,-24.45773608,1.6,4.4,2.45
3,0.7,-24.9762517,1.6,4.4,2.45
3.2,0.7,-24.40061043,1.6,4.4,2.45
3.4,0.7,-26.96619174,1.6,4.4,2.45
3.8,0.7,-30.10387859,1.6,4.4,2.45
4,0.7,-26.00773885,1.6,4.4,2.45
4.4,0.7,-26.85191687,1.6,4.4,2.45
4.6,0.7,-31.28506423,1.6,4.4,2.45
4.8,0.7,-30.25268865,1.6,4.4,2.45
5,0.7,-36.82090093,1.6,4.4,2.45
5.2,0.7,-39.50041956,1.6,4.4,2.45
5.4,0.7,-33.78417319,1.6,4.4,2.45
5.6,0.7,-35.44898754,1.6,4.4,2.45
5.8,0.7,-33.60830936,1.6,4.4,2.45
6,0.7,-31.97421941,1.6,4.4,2.45
6.2,0.7,-20.12873382,1.6,4.4,2.45
6.4,0.7,-29.66754877,1.6,4.4,2.45
6.6,0.7,-27.82251157,1.6,4.4,2.45
6.8,0.7,-25.91105029,1.6,4.4,2.45
7,0.7,-25.75725696,1.6,4.4,2.45
7.2,0.7,-23.67833054,1.6,4.4,2.45
7.4,0.7,-23.00767147,1.6,4.4,2.45
7.6,0.7,-22.11249092,1.6,4.4,2.45
7.8,0.7,-21.22971737,1.6,4.4,2.45
8,0.7,-20.8259272,1.6,4.4,2.45
0.4,0.8,-20.40985569,1.6,4.4,2.45
0.6,0.8,-21.35710113,1.6,4.4,2.45
1,0.8,-21.20374746,1.6,4.4,2.45
1.2,0.8,-22.01912667,1.6,4.4,2.45
1.4,0.8,-21.61544427,1.6,4.4,2.45
1.6,0.8,-22.07381998,1.6,4.4,2.45
1.8,0.8,-22.47343719,1.6,4.4,2.45
2,0.8,-22.59712671,1.6,4.4,2.45
2.2,0.8,-23.09657943,1.6,4.4,2.45
2.4,0.8,-24.20659282,1.6,4.4,2.45
2.6,0.8,-24.34302681,1.6,4.4,2.45
2.8,0.8,-24.38179951,1.6,4.4,2.45
3,0.8,-25.977418,1.6,4.4,2.45
3.2,0.8,-26.84002057,1.6,4.4,2.45
3.6,0.8,-26.46373262,1.6,4.4,2.45
3.8,0.8,-26.47023268,1.6,4.4,2.45
4,0.8,-27.95782427,1.6,4.4,2.45
4.2,0.8,-30.80762252,1.6,4.4,2.45
4.4,0.8,-33.05204097,1.6,4.4,2.45
4.6,0.8,-31.22986952,1.6,4.4,2.45
4.8,0.8,-31.01777496,1.6,4.4,2.45
5.2,0.8,-32.35040209,1.6,4.4,2.45
5.4,0.8,-33.07582204,1.6,4.4,2.45
5.6,0.8,-34.55389581,1.6,4.4,2.45
5.8,0.8,-33.25374027,1.6,4.4,2.45
6,0.8,-29.00470407,1.6,4.4,2.45
6.2,0.8,-28.69551785,1.6,4.4,2.45
6.4,0.8,-27.35780526,1.6,4.4,2.45
6.6,0.8,-27.14081097,1.6,4.4,2.45
6.8,0.8,-25.1833574,1.6,4.4,2.45
7,0.8,-23.74989861,1.6,4.4,2.45
7.2,0.8,-23.53216904,1.6,4.4,2.45
7.4,0.8,-22.1105035,1.6,4.4,2.45
7.6,0.8,-20.94544313,1.6,4.4,2.45
7.8,0.8,-20.03075941,1.6,4.4,2.45
0.6,0.9,-21.55498456,1.6,4.4,2.45
0.8,0.9,-21.10135218,1.6,4.4,2.45
1,0.9,-21.11171577,1.6,4.4,2.45
1.2,0.9,-21.55320259,1.6,4.4,2.45
1.4,0.9,-22.0766568,1.6,4.4,2.45
1.8,0.9,-21.99714781,1.6,4.4,2.45
2,0.9,-23.6957042,1.6,4.4,2.45
2.2,0.9,-24.01144109,1.6,4.4,2.45
2.4,0.9,-24.76557764,1.6,4.4,2.45
2.6,0.9,-24.7646748,1.6,4.4,2.45
2.8,0.9,-25.20069693,1.6,4.4,2.45
3.4,0.9,-27.01469567,1.6,4.4,2.45
3.6,0.9,-28.80504959,1.6,4.4,2.45
3.8,0.9,-27.85987312,1.6,4.4,2.45
4,0.9,-30.57285473,1.6,4.4,2.45
4.4,0.9,-32.08939038,1.6,4.4,2.45
4.6,0.9,-34.15378324,1.6,4.4,2.45
4.8,0.9,-34.26166719,1.6,4.4,2.45
5,0.9,-38.54479804,1.6,4.4,2.45
5.4,0.9,-30.82757075,1.6,4.4,2.45
5.6,0.9,-30.44352596,1.6,4.4,2.45
5.8,0.9,-32.52967957,1.6,4.4,2.45
6,0.9,-27.69152545,1.6,4.4,2.45
6.2,0.9,-26.67389098,1.6,4.4,2.45
6.4,0.9,-25.37544868,1.6,4.4,2.45
6.6,0.9,-24.6073062,1.6,4.4,2.45
6.8,0.9,-24.10875397,1.6,4.4,2.45
7,0.9,-22.43354013,1.6,4.4,2.45
7.2,0.9,-21.4157178,1.6,4.4,2.45
7.4,0.9,-20.55534185,1.6,4.4,2.45
8.8,0.9,-21.8287976,1.6,4.4,2.45
0.4,1,-20.30766182,1.6,4.4,2.45
0.6,1,-20.60017674,1.6,4.4,2.45
0.8,1,-21.73507239,1.6,4.4,2.45
1,1,-22.78906586,1.6,4.4,2.45
1.2,1,-21.66481185,1.6,4.4,2.45
1.4,1,-21.73528013,1.6,4.4,2.45
1.6,1,-22.96367883,1.6,4.4,2.45
1.8,1,-23.10061632,1.6,4.4,2.45
2,1,-24.19192343,1.6,4.4,2.45
2.2,1,-24.35896314,1.6,4.4,2.45
2.4,1,-24.09507793,1.6,4.4,2.45
2.6,1,-23.04687668,1.6,4.4,2.45
2.8,1,-25.38332908,1.6,4.4,2.45
3,1,-27.76818095,1.6,4.4,2.45
3.2,1,-26.37387859,1.6,4.4,2.45
3.4,1,-27.50370645,1.6,4.4,2.45
3.6,1,-31.1884216,1.6,4.4,2.45
3.8,1,-32.36506511,1.6,4.4,2.45
4,1,-32.71985607,1.6,4.4,2.45
4.2,1,-31.16816957,1.6,4.4,2.45
4.4,1,-35.743622,1.6,4.4,2.45
4.6,1,-34.11328784,1.6,4.4,2.45
4.8,1,-33.06778247,1.6,4.4,2.45
5,1,-39.64825126,1.6,4.4,2.45
5.4,1,-32.03211575,1.6,4.4,2.45
5.6,1,-28.51323579,1.6,4.4,2.45
5.8,1,-28.08967679,1.6,4.4,2.45
6,1,-27.1381926,1.6,4.4,2.45
6.2,1,-25.17970899,1.6,4.4,2.45
6.4,1,-24.30097446,1.6,4.4,2.45
6.6,1,-22.0570774,1.6,4.4,2.45
6.8,1,-22.36641565,1.6,4.4,2.45
7,1,-21.09125825,1.6,4.4,2.45
7.2,1,-20.22656626,1.6,4.4,2.45
4,0.2,-20.82948899,1.6,4.4,4
4.2,0.2,-20.90620948,1.6,4.4,4
4.4,0.2,-21.58677004,1.6,4.4,4
4.6,0.2,-22.88009724,1.6,4.4,4
4.8,0.2,-22.69453957,1.6,4.4,4
5,0.2,-24.70864604,1.6,4.4,4
5.2,0.2,-24.86266494,1.6,4.4,4
5.4,0.2,-28.19867038,1.6,4.4,4
5.6,0.2,-30.67572209,1.6,4.4,4
5.8,0.2,-36.99472515,1.6,4.4,4
6.2,0.2,-32.58334029,1.6,4.4,4
6.4,0.2,-30.70793977,1.6,4.4,4
6.6,0.2,-24.9634497,1.6,4.4,4
6.8,0.2,-21.81294524,1.6,4.4,4
3.4,0.3,-20.21189751,1.6,4.4,4
3.6,0.3,-20.48325413,1.6,4.4,4
3.8,0.3,-20.99022174,1.6,4.4,4
4,0.3,-22.76035291,1.6,4.4,4
4.2,0.3,-22.7532591,1.6,4.4,4
4.4,0.3,-23.75694911,1.6,4.4,4
4.6,0.3,-24.79648,1.6,4.4,4
4.8,0.3,-27.56985444,1.6,4.4,4
5,0.3,-29.16019418,1.6,4.4,4
5.2,0.3,-31.6658129,1.6,4.4,4
5.6,0.3,-36.02620061,1.6,4.4,4
5.8,0.3,-32.05182438,1.6,4.4,4
6,0.3,-26.9899605,1.6,4.4,4
6.2,0.3,-24.04886437,1.6,4.4,4
6.4,0.3,-21.38855668,1.6,4.4,4
3.2,0.4,-20.52276396,1.6,4.4,4
3.4,0.4,-20.78330533,1.6,4.4,4
3.6,0.4,-20.81205775,1.6,4.4,4
3.8,0.4,-22.46626621,1.6,4.4,4
4,0.4,-23.90762299,1.6,4.4,4
4.2,0.4,-24.42374451,1.6,4.4,4
4.4,0.4,-26.8655474,1.6,4.4,4
4.6,0.4,-28.72929348,1.6,4.4,4
4.8,0.4,-30.49435488,1.6,4.4,4
5,0.4,-37.24235101,1.6,4.4,4
5.4,0.4,-37.26776286,1.6,4.4,4
5.6,0.4,-28.19235004,1.6,4.4,4
5.8,0.4,-25.21685841,1.6,4.4,4
6,0.4,-22.86759333,1.6,4.4,4
6.2,0.4,-20.41551608,1.6,4.4,4
2.8,0.5,-20.18290961,1.6,4.4,4
3,0.5,-20.37276445,1.6,4.4,4
3.2,0.5,-20.96936975,1.6,4.4,4
3.4,0.5,-22.29151298,1.6,4.4,4
3.6,0.5,-23.54770452,1.6,4.4,4
3.8,0.5,-24.57404307,1.6,4.4,4
4,0.5,-25.24671942,1.6,4.4,4
4.2,0.5,-27.0721785,1.6,4.4,4
4.4,0.5,-29.74401938,1.6,4.4,4
4.6,0.5,-35.16288767,1.6,4.4,4
5,0.5,-39.32107472,1.6,4.4,4
5.2,0.5,-32.06186665,1.6,4.4,4
5.4,0.5,-28.6068033,1.6,4.4,4
5.6,0.5,-24.60548909,1.6,4.4,4
5.8,0.5,-21.81687395,1.6,4.4,4
2.6,0.6,-20.2562395,1.6,4.4,4
2.8,0.6,-20.63023644,1.6,4.4,4
3,0.6,-21.72450884,1.6,4.4,4
3.2,0.6,-22.39598797,1.6,4.4,4
3.4,0.6,-22.86877994,1.6,4.4,4
3.6,0.6,-25.10153477,1.6,4.4,4
3.8,0.6,-25.68260475,1.6,4.4,4
4,0.6,-28.73780776,1.6,4.4,4
4.2,0.6,-31.27898397,1.6,4.4,4
4.4,0.6,-34.76095269,1.6,4.4,4
4.8,0.6,-36.43673322,1.6,4.4,4
5,0.6,-31.79035324,1.6,4.4,4
5.2,0.6,-27.59728041,1.6,4.4,4
5.4,0.6,-24.0757546,1.6,4.4,4
5.6,0.6,-21.22995975,1.6,4.4,4
5.8,0.6,-20.09147646,1.6,4.4,4
2.6,0.7,-20.35756664,1.6,4.4,4
2.8,0.7,-21.26769776,1.6,4.4,4
3,0.7,-21.58551836,1.6,4.4,4
3.2,0.7,-22.8019054,1.6,4.4,4
3.4,0.7,-24.83810354,1.6,4.4,4
3.6,0.7,-25.4147087,1.6,4.4,4
3.8,0.7,-27.7254817,1.6,4.4,4
4,0.7,-32.43353265,1.6,4.4,4
4.2,0.7,-33.69554523,1.6,4.4,4
4.6,0.7,-36.56819497,1.6,4.4,4
4.8,0.7,-31.51737637,1.6,4.4,4
5,0.7,-26.74193827,1.6,4.4,4
5.2,0.7,-23.16534751,1.6,4.4,4
5.4,0.7,-21.80515672,1.6,4.4,4
2.4,0.8,-20.23964582,1.6,4.4,4
2.6,0.8,-20.71329382,1.6,4.4,4
2.8,0.8,-21.58313329,1.6,4.4,4
3,0.8,-23.35950358,1.6,4.4,4
3.2,0.8,-23.61187742,1.6,4.4,4
3.4,0.8,-26.22927767,1.6,4.4,4
3.6,0.8,-26.76260313,1.6,4.4,4
3.8,0.8,-31.06322841,1.6,4.4,4
4,0.8,-37.37543401,1.6,4.4,4
4.4,0.8,-38.48697991,1.6,4.4,4
4.6,0.8,-31.49457421,1.6,4.4,4
4.8,0.8,-26.43582532,1.6,4.4,4
5,0.8,-23.06093391,1.6,4.4,4
5.2,0.8,-20.96736834,1.6,4.4,4
2.2,0.9,-20.24155807,1.6,4.4,4
2.4,0.9,-20.8111267,1.6,4.4,4
2.6,0.9,-22.03053179,1.6,4.4,4
2.8,0.9,-23.37199032,1.6,4.4,4
3,0.9,-23.5214886,1.6,4.4,4
3.2,0.9,-25.72871896,1.6,4.4,4
3.4,0.9,-26.66468212,1.6,4.4,4
3.6,0.9,-32.00019856,1.6,4.4,4
3.8,0.9,-34.52283315,1.6,4.4,4
4.2,0.9,-35.65897324,1.6,4.4,4
4.4,0.9,-30.1854251,1.6,4.4,4
4.6,0.9,-26.05963448,1.6,4.4,4
4.8,0.9,-23.29590736,1.6,4.4,4
5,0.9,-21.57831241,1.6,4.4,4
2,1,-20.04495964,1.6,4.4,4
2.2,1,-20.6098827,1.6,4.4,4
2.4,1,-20.39869585,1.6,4.4,4
2.6,1,-22.40889537,1.6,4.4,4
2.8,1,-23.86470678,1.6,4.4,4
3,1,-24.63322375,1.6,4.4,4
3.2,1,-26.56377084,1.6,4.4,4
3.4,1,-30.498852,1.6,4.4,4
3.6,1,-34.68454415,1.6,4.4,4
3.8,1,-39.52923678,1.6,4.4,4
4,1,-37.01161428,1.6,4.4,4
4.2,1,-30.44211953,1.6,4.4,4
4.4,1,-27.24408793,1.6,4.4,4
4.6,1,-23.913718,1.6,4.4,4
4.8,1,-21.32567684,1.6,4.4,4
3.2,0.2,-20.68392217,1.6,4.4,5.8
3.4,0.2,-21.53785806,1.6,4.4,5.8
3.6,0.2,-23.64867892,1.6,4.4,5.8
3.8,0.2,-26.30948604,1.6,4.4,5.8
4,0.2,-32.78678068,1.6,4.4,5.8
4.4,0.2,-31.91781891,1.6,4.4,5.8
4.6,0.2,-24.21096505,1.6,4.4,5.8
4.8,0.2,-20.17952522,1.6,4.4,5.8
2.8,0.3,-20.58563245,1.6,4.4,5.8
3,0.3,-21.91541619,1.6,4.4,5.8
3.2,0.3,-22.66164657,1.6,4.4,5.8
3.4,0.3,-24.70372204,1.6,4.4,5.8
3.6,0.3,-26.11440198,1.6,4.4,5.8
4.2,0.3,-27.85035884,1.6,4.4,5.8
4.4,0.3,-22.75037888,1.6,4.4,5.8
2.6,0.4,-20.33451526,1.6,4.4,5.8
2.8,0.4,-21.86226104,1.6,4.4,5.8
3,0.4,-23.82987718,1.6,4.4,5.8
3.2,0.4,-26.81102457,1.6,4.4,5.8
3.4,0.4,-29.51810251,1.6,4.4,5.8
3.8,0.4,-35.46504749,1.6,4.4,5.8
4,0.4,-27.12408711,1.6,4.4,5.8
4.2,0.4,-21.70922407,1.6,4.4,5.8
2.4,0.5,-20.21042071,1.6,4.4,5.8
2.6,0.5,-21.6738021,1.6,4.4,5.8
2.8,0.5,-24.20861761,1.6,4.4,5.8
3,0.5,-26.5764989,1.6,4.4,5.8
3.2,0.5,-29.3786155,1.6,4.4,5.8
3.6,0.5,-34.60995759,1.6,4.4,5.8
3.8,0.5,-26.04785008,1.6,4.4,5.8
4,0.5,-21.44759177,1.6,4.4,5.8
2.2,0.6,-20.60275957,1.6,4.4,5.8
2.4,0.6,-22.03796766,1.6,4.4,5.8
2.6,0.6,-23.68509809,1.6,4.4,5.8
2.8,0.6,-25.13335444,1.6,4.4,5.8
3,0.6,-28.78061084,1.6,4.4,5.8
3.4,0.6,-36.03443177,1.6,4.4,5.8
3.6,0.6,-26.72367989,1.6,4.4,5.8
3.8,0.6,-22.14626503,1.6,4.4,5.8
2.2,0.7,-21.36794271,1.6,4.4,5.8
2.4,0.7,-22.13886016,1.6,4.4,5.8
2.6,0.7,-25.16489594,1.6,4.4,5.8
2.8,0.7,-27.91353182,1.6,4.4,5.8
3,0.7,-37.30400989,1.6,4.4,5.8
3.4,0.7,-28.25895674,1.6,4.4,5.8
3.6,0.7,-23.21708138,1.6,4.4,5.8
2,0.8,-20.42499275,1.6,4.4,5.8
2.2,0.8,-22.32842607,1.6,4.4,5.8
2.4,0.8,-23.54622443,1.6,4.4,5.8
2.6,0.8,-26.82142407,1.6,4.4,5.8
2.8,0.8,-34.37885845,1.6,4.4,5.8
3.2,0.8,-30.62377973,1.6,4.4,5.8
3.4,0.8,-25.0693511,1.6,4.4,5.8
3.6,0.8,-20.68006079,1.6,4.4,5.8
2,0.9,-21.69649524,1.6,4.4,5.8
2.2,0.9,-22.87486407,1.6,4.4,5.8
2.4,0.9,-25.7757262,1.6,4.4,5.8
2.6,0.9,-30.99191289,1.6,4.4,5.8
3,0.9,-32.84172858,1.6,4.4,5.8
3.2,0.9,-25.70257853,1.6,4.4,5.8
3.4,0.9,-22.03943637,1.6,4.4,5.8
1.8,1,-21.51428746,1.6,4.4,5.8
2,1,-23.11655654,1.6,4.4,5.8
2.2,1,-24.91705368,1.6,4.4,5.8
2.4,1,-28.31965077,1.6,4.4,5.8
2.6,1,-36.02086039,1.6,4.4,5.8
3,1,-28.20697791,1.6,4.4,5.8
3.2,1,-23.75762403,1.6,4.4,5.8
0.4,0.2,-31.41025415,1.6,9.4,0.915
1,0.2,-30.81283175,1.6,9.4,0.915
1.8,0.2,-39.52547608,1.6,9.4,0.915
2.8,0.2,-20.14914177,1.6,9.4,0.915
3,0.2,-20.24873921,1.6,9.4,0.915
3.8,0.2,-24.83673672,1.6,9.4,0.915
4.2,0.2,-36.2890085,1.6,9.4,0.915
4.4,0.2,-22.81099319,1.6,9.4,0.915
5.4,0.2,-28.15972789,1.6,9.4,0.915
5.6,0.2,-29.58173699,1.6,9.4,0.915
5.8,0.2,-29.19442685,1.6,9.4,0.915
6.2,0.2,-20.90836469,1.6,9.4,0.915
6.4,0.2,-28.11088249,1.6,9.4,0.915
6.6,0.2,-29.66496098,1.6,9.4,0.915
7,0.2,-24.89484806,1.6,9.4,0.915
7.2,0.2,-22.03282297,1.6,9.4,0.915
7.6,0.2,-21.23164285,1.6,9.4,0.915
8.2,0.2,-23.7619908,1.6,9.4,0.915
8.4,0.2,-22.86819566,1.6,9.4,0.915
9.2,0.2,-20.93741239,1.6,9.4,0.915
11.2,0.2,-38.43689257,1.6,9.4,0.915
11.6,0.2,-23.84703074,1.6,9.4,0.915
14.8,0.2,-22.37066299,1.6,9.4,0.915
18.6,0.2,-20.14206635,1.6,9.4,0.915
19,0.2,-21.32609637,1.6,9.4,0.915
20.4,0.2,-21.47031309,1.6,9.4,0.915
0.6,0.3,-30.45823305,1.6,9.4,0.915
0.8,0.3,-24.45056249,1.6,9.4,0.915
1.2,0.3,-27.91280551,1.6,9.4,0.915
1.4,0.3,-22.29956615,1.6,9.4,0.915
1.8,0.3,-24.67482369,1.6,9.4,0.915
2,0.3,-20.09739077,1.6,9.4,0.915
2.2,0.3,-22.59129931,1.6,9.4,0.915
2.4,0.3,-25.34801278,1.6,9.4,0.915
2.8,0.3,-21.90172953,1.6,9.4,0.915
3.2,0.3,-24.8598947,1.6,9.4,0.915
3.8,0.3,-20.53832781,1.6,9.4,0.915
4,0.3,-24.77607821,1.6,9.4,0.915
4.2,0.3,-21.31382201,1.6,9.4,0.915
4.8,0.3,-23.95860755,1.6,9.4,0.915
5,0.3,-21.64291419,1.6,9.4,0.915
5.2,0.3,-20.26823145,1.6,9.4,0.915
5.6,0.3,-21.85997564,1.6,9.4,0.915
7.2,0.3,-20.60389237,1.6,9.4,0.915
11.4,0.3,-32.45780402,1.6,9.4,0.915
13.4,0.3,-20.31809659,1.6,9.4,0.915
16.4,0.3,-24.97070819,1.6,9.4,0.915
0.4,0.4,-24.85949896,1.6,9.4,0.915
0.8,0.4,-25.18270857,1.6,9.4,0.915
1,0.4,-24.78928407,1.6,9.4,0.915
1.2,0.4,-21.46718268,1.6,9.4,0.915
1.4,0.4,-25.77715499,1.6,9.4,0.915
1.8,0.4,-23.0352855,1.6,9.4,0.915
3.8,0.4,-20.35811327,1.6,9.4,0.915
6,0.4,-24.90012551,1.6,9.4,0.915
8.4,0.4,-29.64251157,1.6,9.4,0.915
13.8,0.4,-20.23987714,1.6,9.4,0.915
0.8,0.5,-21.30730855,1.6,9.4,0.915
1,0.5,-35.85388699,1.6,9.4,0.915
1.2,0.5,-21.4394869,1.6,9.4,0.915
1.6,0.5,-21.44938912,1.6,9.4,0.915
1.8,0.5,-20.23257381,1.6,9.4,0.915
2,0.5,-20.81398307,1.6,9.4,0.915
2.2,0.5,-25.31130751,1.6,9.4,0.915
6.4,0.5,-20.34880495,1.6,9.4,0.915
10.6,0.5,-26.25544986,1.6,9.4,0.915
13.8,0.5,-36.69188602,1.6,9.4,0.915
17.8,0.5,-22.41198177,1.6,9.4,0.915
0.6,0.6,-24.28205699,1.6,9.4,0.915
0.8,0.6,-24.43615696,1.6,9.4,0.915
1.4,0.6,-21.39871052,1.6,9.4,0.915
2.2,0.6,-22.0825144,1.6,9.4,0.915
2.4,0.6,-20.6059937,1.6,9.4,0.915
2.6,0.6,-26.44099599,1.6,9.4,0.915
3.8,0.6,-28.25897175,1.6,9.4,0.915
4,0.6,-24.57281212,1.6,9.4,0.915
4.8,0.6,-20.49181291,1.6,9.4,0.915
5.4,0.6,-30.63997643,1.6,9.4,0.915
6.4,0.6,-23.50257334,1.6,9.4,0.915
7.2,0.6,-20.72516539,1.6,9.4,0.915
7.4,0.6,-24.02003119,1.6,9.4,0.915
8.2,0.6,-33.04841509,1.6,9.4,0.915
10.6,0.6,-24.74489965,1.6,9.4,0.915
11,0.6,-22.17438316,1.6,9.4,0.915
12.8,0.6,-26.86554108,1.6,9.4,0.915
13,0.6,-23.39043141,1.6,9.4,0.915
15.8,0.6,-20.79576125,1.6,9.4,0.915
23.2,0.6,-22.22076721,1.6,9.4,0.915
0.4,0.7,-27.46514565,1.6,9.4,0.915
0.8,0.7,-20.17926729,1.6,9.4,0.915
1,0.7,-22.45618646,1.6,9.4,0.915
1.6,0.7,-20.99664335,1.6,9.4,0.915
1.8,0.7,-24.68705815,1.6,9.4,0.915
2.4,0.7,-37.77588209,1.6,9.4,0.915
3,0.7,-27.9473092,1.6,9.4,0.915
3.2,0.7,-29.48423279,1.6,9.4,0.915
4.4,0.7,-24.26029191,1.6,9.4,0.915
5,0.7,-22.85984195,1.6,9.4,0.915
5.4,0.7,-25.58004497,1.6,9.4,0.915
6,0.7,-20.29703362,1.6,9.4,0.915
6.2,0.7,-21.98099,1.6,9.4,0.915
6.8,0.7,-27.74574552,1.6,9.4,0.915
7.4,0.7,-20.57401764,1.6,9.4,0.915
7.6,0.7,-22.56084516,1.6,9.4,0.915
8,0.7,-26.01558631,1.6,9.4,0.915
8.2,0.7,-23.45262137,1.6,9.4,0.915
8.4,0.7,-22.29202585,1.6,9.4,0.915
8.6,0.7,-21.31890828,1.6,9.4,0.915
9.2,0.7,-22.12404835,1.6,9.4,0.915
12.6,0.7,-20.20419486,1.6,9.4,0.915
13,0.7,-26.18264279,1.6,9.4,0.915
13.2,0.7,-24.15447071,1.6,9.4,0.915
13.4,0.7,-20.91090392,1.6,9.4,0.915
13.6,0.7,-26.35920695,1.6,9.4,0.915
19.8,0.7,-22.87355213,1.6,9.4,0.915
0.4,0.8,-24.80239984,1.6,9.4,0.915
3.6,0.8,-26.43012421,1.6,9.4,0.915
3.8,0.8,-27.24414094,1.6,9.4,0.915
4.4,0.8,-21.21942504,1.6,9.4,0.915
4.8,0.8,-21.63935449,1.6,9.4,0.915
5,0.8,-27.49722396,1.6,9.4,0.915
6.2,0.8,-24.22952779,1.6,9.4,0.915
6.4,0.8,-21.99203834,1.6,9.4,0.915
6.8,0.8,-21.2759969,1.6,9.4,0.915
7.4,0.8,-21.78011677,1.6,9.4,0.915
9.8,0.8,-22.32553847,1.6,9.4,0.915
13.6,0.8,-34.69710215,1.6,9.4,0.915
14.4,0.8,-21.19470024,1.6,9.4,0.915
16,0.8,-21.32854851,1.6,9.4,0.915
1.4,0.9,-30.91626844,1.6,9.4,0.915
1.6,0.9,-22.60219643,1.6,9.4,0.915
3,0.9,-27.72941324,1.6,9.4,0.915
4.2,0.9,-23.2284503,1.6,9.4,0.915
4.4,0.9,-23.04880118,1.6,9.4,0.915
4.6,0.9,-20.79719224,1.6,9.4,0.915
5,0.9,-23.32407817,1.6,9.4,0.915
5.6,0.9,-33.95914303,1.6,9.4,0.915
6,0.9,-29.89533794,1.6,9.4,0.915
6.4,0.9,-31.24496835,1.6,9.4,0.915
8.8,0.9,-20.50800652,1.6,9.4,0.915
10.6,0.9,-25.33046028,1.6,9.4,0.915
11,0.9,-23.61681388,1.6,9.4,0.915
13.4,0.9,-24.85945509,1.6,9.4,0.915
0.4,1,-23.28107627,1.6,9.4,0.915
1.2,1,-24.0574772,1.6,9.4,0.915
1.4,1,-28.71425485,1.6,9.4,0.915
2,1,-21.70428694,1.6,9.4,0.915
2.6,1,-25.93887428,1.6,9.4,0.915
2.8,1,-21.18896531,1.6,9.4,0.915
3.2,1,-21.61712863,1.6,9.4,0.915
3.4,1,-26.64528327,1.6,9.4,0.915
3.8,1,-20.68844528,1.6,9.4,0.915
4.8,1,-22.85625707,1.6,9.4,0.915
5.2,1,-25.43095763,1.6,9.4,0.915
9.2,1,-20.11300941,1.6,9.4,0.915
9.4,1,-20.79298487,1.6,9.4,0.915
12.4,1,-29.01291532,1.6,9.4,0.915
12.6,1,-20.98890492,1.6,9.4,0.915
13,1,-24.05835751,1.6,9.4,0.915
7.2,0.2,-22.04127326,1.6,9.4,2.45
7.4,0.2,-21.41795236,1.6,9.4,2.45
7.8,0.2,-24.45367774,1.6,9.4,2.45
8,0.2,-28.59013487,1.6,9.4,2.45
8.2,0.2,-26.31811895,1.6,9.4,2.45
8.4,0.2,-30.88181183,1.6,9.4,2.45
8.6,0.2,-21.84142244,1.6,9.4,2.45
8.8,0.2,-30.55181578,1.6,9.4,2.45
9,0.2,-26.48388531,1.6,9.4,2.45
9.2,0.2,-20.91196105,1.6,9.4,2.45
9.4,0.2,-22.40863077,1.6,9.4,2.45
9.6,0.2,-28.12262782,1.6,9.4,2.45
6.4,0.3,-21.10390913,1.6,9.4,2.45
6.6,0.3,-21.96482118,1.6,9.4,2.45
6.8,0.3,-21.90157908,1.6,9.4,2.45
7,0.3,-24.24133947,1.6,9.4,2.45
7.2,0.3,-25.95091411,1.6,9.4,2.45
7.4,0.3,-29.2884469,1.6,9.4,2.45
7.6,0.3,-36.10872082,1.6,9.4,2.45
8,0.3,-33.98512226,1.6,9.4,2.45
8.2,0.3,-27.22631111,1.6,9.4,2.45
8.4,0.3,-26.20819561,1.6,9.4,2.45
8.6,0.3,-29.62914416,1.6,9.4,2.45
8.8,0.3,-28.39351859,1.6,9.4,2.45
9.2,0.3,-37.98594062,1.6,9.4,2.45
5.8,0.4,-20.28989888,1.6,9.4,2.45
6,0.4,-21.85927898,1.6,9.4,2.45
6.4,0.4,-23.97660806,1.6,9.4,2.45
6.6,0.4,-26.10002995,1.6,9.4,2.45
6.8,0.4,-28.30301605,1.6,9.4,2.45
7,0.4,-25.73508914,1.6,9.4,2.45
7.2,0.4,-31.98479243,1.6,9.4,2.45
7.4,0.4,-34.96779189,1.6,9.4,2.45
7.6,0.4,-30.33465226,1.6,9.4,2.45
7.8,0.4,-26.56219183,1.6,9.4,2.45
8,0.4,-24.15465012,1.6,9.4,2.45
8.2,0.4,-26.21844665,1.6,9.4,2.45
8.8,0.4,-27.55991379,1.6,9.4,2.45
5.6,0.5,-21.80991396,1.6,9.4,2.45
5.8,0.5,-20.86679504,1.6,9.4,2.45
6,0.5,-23.41603127,1.6,9.4,2.45
6.2,0.5,-25.30014789,1.6,9.4,2.45
6.4,0.5,-24.11084499,1.6,9.4,2.45
6.6,0.5,-29.75388533,1.6,9.4,2.45
6.8,0.5,-32.11689795,1.6,9.4,2.45
7,0.5,-21.9250361,1.6,9.4,2.45
7.4,0.5,-27.56630362,1.6,9.4,2.45
7.6,0.5,-25.1923159,1.6,9.4,2.45
7.8,0.5,-22.11932662,1.6,9.4,2.45
5.2,0.6,-20.78306972,1.6,9.4,2.45
5.4,0.6,-22.1617509,1.6,9.4,2.45
5.6,0.6,-23.08228827,1.6,9.4,2.45
6,0.6,-27.01948534,1.6,9.4,2.45
6.2,0.6,-31.2594648,1.6,9.4,2.45
6.4,0.6,-29.75162873,1.6,9.4,2.45
6.6,0.6,-38.21278325,1.6,9.4,2.45
6.8,0.6,-22.76118381,1.6,9.4,2.45
7,0.6,-21.30604844,1.6,9.4,2.45
7.2,0.6,-24.6106038,1.6,9.4,2.45
7.4,0.6,-22.47115087,1.6,9.4,2.45
7.6,0.6,-21.78316911,1.6,9.4,2.45
4.8,0.7,-20.49374739,1.6,9.4,2.45
5.2,0.7,-22.92668942,1.6,9.4,2.45
5.4,0.7,-24.0649488,1.6,9.4,2.45
5.6,0.7,-25.09117427,1.6,9.4,2.45
5.8,0.7,-29.21512172,1.6,9.4,2.45
6,0.7,-31.3768534,1.6,9.4,2.45
6.2,0.7,-33.70821789,1.6,9.4,2.45
6.4,0.7,-33.3804775,1.6,9.4,2.45
6.6,0.7,-30.5923078,1.6,9.4,2.45
6.8,0.7,-27.13626067,1.6,9.4,2.45
7,0.7,-24.54095354,1.6,9.4,2.45
7.2,0.7,-22.37125409,1.6,9.4,2.45
7.4,0.7,-20.23385897,1.6,9.4,2.45
7.8,0.7,-34.92891069,1.6,9.4,2.45
8,0.7,-36.15574524,1.6,9.4,2.45
4.6,0.8,-21.22131478,1.6,9.4,2.45
4.8,0.8,-22.14655126,1.6,9.4,2.45
5,0.8,-23.43012463,1.6,9.4,2.45
5.4,0.8,-26.23056417,1.6,9.4,2.45
5.6,0.8,-30.04223383,1.6,9.4,2.45
5.8,0.8,-32.6396555,1.6,9.4,2.45
6,0.8,-35.02607652,1.6,9.4,2.45
6.2,0.8,-35.66664775,1.6,9.4,2.45
6.4,0.8,-22.93225393,1.6,9.4,2.45
6.6,0.8,-27.38829157,1.6,9.4,2.45
6.8,0.8,-23.68105999,1.6,9.4,2.45
7,0.8,-36.54113573,1.6,9.4,2.45
7.4,0.8,-23.70532216,1.6,9.4,2.45
7.8,0.8,-20.56848774,1.6,9.4,2.45
4.2,0.9,-20.75926613,1.6,9.4,2.45
4.4,0.9,-20.97753014,1.6,9.4,2.45
4.6,0.9,-22.34756828,1.6,9.4,2.45
4.8,0.9,-23.33820764,1.6,9.4,2.45
5,0.9,-25.53667091,1.6,9.4,2.45
5.2,0.9,-26.51664173,1.6,9.4,2.45
5.4,0.9,-31.02972261,1.6,9.4,2.45
5.6,0.9,-36.87727081,1.6,9.4,2.45
5.8,0.9,-32.7970026,1.6,9.4,2.45
6,0.9,-34.7655432,1.6,9.4,2.45
6.4,0.9,-24.87927523,1.6,9.4,2.45
6.6,0.9,-22.5162089,1.6,9.4,2.45
6.8,0.9,-26.45456737,1.6,9.4,2.45
4,1,-21.0481228,1.6,9.4,2.45
4.2,1,-21.16314612,1.6,9.4,2.45
4.4,1,-23.14863302,1.6,9.4,2.45
4.6,1,-24.28916968,1.6,9.4,2.45
4.8,1,-25.75429093,1.6,9.4,2.45
5,1,-28.69209892,1.6,9.4,2.45
5.2,1,-29.44917698,1.6,9.4,2.45
5.4,1,-36.35379845,1.6,9.4,2.45
5.6,1,-31.87834991,1.6,9.4,2.45
5.8,1,-31.22033281,1.6,9.4,2.45
6,1,-28.01211451,1.6,9.4,2.45
6.2,1,-25.16330479,1.6,9.4,2.45
6.4,1,-22.23012681,1.6,9.4,2.45
6.6,1,-20.13646931,1.6,9.4,2.45
7.2,1,-25.1511093,1.6,9.4,2.45
7.4,1,-30.65704188,1.6,9.4,2.45
7.6,1,-20.286665,1.6,9.4,2.45
4.8,0.2,-20.80511997,1.6,9.4,4
5,0.2,-23.90814085,1.6,9.4,4
5.2,0.2,-29.49628193,1.6,9.4,4
5.4,0.2,-35.10485607,1.6,9.4,4
5.6,0.2,-39.03322257,1.6,9.4,4
4.4,0.3,-20.49765313,1.6,9.4,4
4.6,0.3,-21.92731995,1.6,9.4,4
4.8,0.3,-27.78230297,1.6,9.4,4
5.4,0.3,-21.83866779,1.6,9.4,4
4.2,0.4,-22.05658215,1.6,9.4,4
4.4,0.4,-25.10934966,1.6,9.4,4
4.6,0.4,-30.21118889,1.6,9.4,4
5,0.4,-26.49083842,1.6,9.4,4
4,0.5,-21.53927306,1.6,9.4,4
4.2,0.5,-25.28179506,1.6,9.4,4
4.4,0.5,-32.92170285,1.6,9.4,4
4.6,0.5,-36.03084475,1.6,9.4,4
4.8,0.5,-26.06237114,1.6,9.4,4
5,0.5,-21.1111646,1.6,9.4,4
3.8,0.6,-22.20551168,1.6,9.4,4
4,0.6,-25.32760394,1.6,9.4,4
4.2,0.6,-32.16553605,1.6,9.4,4
4.4,0.6,-39.60688782,1.6,9.4,4
4.6,0.6,-26.01888846,1.6,9.4,4
4.8,0.6,-20.5782441,1.6,9.4,4
3.6,0.7,-21.37455688,1.6,9.4,4
3.8,0.7,-25.15264594,1.6,9.4,4
4,0.7,-34.0026783,1.6,9.4,4
4.2,0.7,-36.91244431,1.6,9.4,4
4.4,0.7,-27.38479,1.6,9.4,4
4.6,0.7,-21.18929019,1.6,9.4,4
3.4,0.8,-21.87444781,1.6,9.4,4
3.6,0.8,-25.00018803,1.6,9.4,4
3.8,0.8,-32.07845976,1.6,9.4,4
4.2,0.8,-27.66163105,1.6,9.4,4
4.4,0.8,-22.14116556,1.6,9.4,4
3.2,0.9,-21.70754866,1.6,9.4,4
3.4,0.9,-24.334455,1.6,9.4,4
3.6,0.9,-30.6617608,1.6,9.4,4
4,0.9,-29.51405585,1.6,9.4,4
4.2,0.9,-22.37308586,1.6,9.4,4
3,1,-20.82571716,1.6,9.4,4
3.2,1,-24.25283487,1.6,9.4,4
3.4,1,-29.35689324,1.6,9.4,4
3.6,1,-38.27316953,1.6,9.4,4
3.8,1,-30.52047584,1.6,9.4,4
4,1,-22.7722084,1.6,9.4,4
3.2,0.2,-21.37334634,1.6,9.4,5.8
3.4,0.2,-26.61594055,1.6,9.4,5.8
3.8,0.2,-23.29379561,1.6,9.4,5.8
3,0.3,-22.08247254,1.6,9.4,5.8
3.2,0.3,-27.50539717,1.6,9.4,5.8
3.4,0.3,-36.70927851,1.6,9.4,5.8
3.6,0.3,-21.9594304,1.6,9.4,5.8
2.8,0.4,-21.45904689,1.6,9.4,5.8
3,0.4,-27.76914241,1.6,9.4,5.8
3.2,0.4,-39.83808145,1.6,9.4,5.8
3.4,0.4,-24.0985598,1.6,9.4,5.8
2.6,0.5,-21.40242821,1.6,9.4,5.8
2.8,0.5,-25.44865251,1.6,9.4,5.8
3.2,0.5,-25.27165548,1.6,9.4,5.8
2.4,0.6,-20.55318972,1.6,9.4,5.8
2.6,0.6,-24.39566883,1.6,9.4,5.8
2.8,0.6,-34.22799343,1.6,9.4,5.8
3,0.6,-27.98864706,1.6,9.4,5.8
2.4,0.7,-22.72329498,1.6,9.4,5.8
2.6,0.7,-30.28961861,1.6,9.4,5.8
2.8,0.7,-32.61231629,1.6,9.4,5.8
3,0.7,-22.30888818,1.6,9.4,5.8
2.2,0.8,-21.37855844,1.6,9.4,5.8
2.4,0.8,-25.78217978,1.6,9.4,5.8
2.8,0.8,-25.07251844,1.6,9.4,5.8
2,0.9,-20.13454196,1.6,9.4,5.8
2.2,0.9,-24.46223677,1.6,9.4,5.8
2.4,0.9,-35.40596771,1.6,9.4,5.8
2.6,0.9,-28.92749733,1.6,9.4,5.8
2.8,0.9,-20.57095245,1.6,9.4,5.8
2,1,-22.2839506,1.6,9.4,5.8
2.2,1,-29.11248757,1.6,9.4,5.8
2.4,1,-36.99941921,1.6,9.4,5.8
2.6,1,-23.44709298,1.6,9.4,5.8
0.6,0.2,-23.20116722,1.6,10.2,0.915
0.8,0.2,-30.38210862,1.6,10.2,0.915
1,0.2,-20.76613089,1.6,10.2,0.915
1.2,0.2,-24.74627015,1.6,10.2,0.915
1.4,0.2,-21.09548623,1.6,10.2,0.915
2,0.2,-21.03574357,1.6,10.2,0.915
2.2,0.2,-20.64830537,1.6,10.2,0.915
2.4,0.2,-26.42065582,1.6,10.2,0.915
3,0.2,-25.47586649,1.6,10.2,0.915
3.4,0.2,-21.24593032,1.6,10.2,0.915
3.6,0.2,-20.72122793,1.6,10.2,0.915
3.8,0.2,-26.61829287,1.6,10.2,0.915
4,0.2,-24.86043358,1.6,10.2,0.915
4.2,0.2,-24.81513361,1.6,10.2,0.915
4.6,0.2,-22.54037319,1.6,10.2,0.915
5.6,0.2,-23.46466315,1.6,10.2,0.915
10.2,0.2,-28.18623947,1.6,10.2,0.915
11.4,0.2,-32.90108219,1.6,10.2,0.915
12.2,0.2,-20.00366121,1.6,10.2,0.915
13.4,0.2,-22.45972154,1.6,10.2,0.915
15.4,0.2,-36.24097554,1.6,10.2,0.915
0.4,0.3,-22.42824179,1.6,10.2,0.915
0.6,0.3,-21.09605179,1.6,10.2,0.915
0.8,0.3,-21.45241933,1.6,10.2,0.915
1,0.3,-23.56059575,1.6,10.2,0.915
1.4,0.3,-24.96950516,1.6,10.2,0.915
1.8,0.3,-20.65206623,1.6,10.2,0.915
2,0.3,-25.41545544,1.6,10.2,0.915
2.2,0.3,-21.36704509,1.6,10.2,0.915
2.4,0.3,-23.0459901,1.6,10.2,0.915
2.8,0.3,-26.92389113,1.6,10.2,0.915
4.8,0.3,-23.16537452,1.6,10.2,0.915
8.4,0.3,-24.00707735,1.6,10.2,0.915
11.8,0.3,-20.36553405,1.6,10.2,0.915
14.6,0.3,-23.82808122,1.6,10.2,0.915
14.8,0.3,-22.09129512,1.6,10.2,0.915
17.2,0.3,-23.32614367,1.6,10.2,0.915
21.6,0.3,-30.92949314,1.6,10.2,0.915
0.6,0.4,-25.57470282,1.6,10.2,0.915
0.8,0.4,-22.23890192,1.6,10.2,0.915
1.2,0.4,-33.37403204,1.6,10.2,0.915
1.8,0.4,-22.39747772,1.6,10.2,0.915
2.2,0.4,-21.29044191,1.6,10.2,0.915
2.4,0.4,-21.27752315,1.6,10.2,0.915
3,0.4,-31.62713802,1.6,10.2,0.915
3.6,0.4,-33.71935404,1.6,10.2,0.915
3.8,0.4,-22.06089552,1.6,10.2,0.915
4.2,0.4,-30.22948577,1.6,10.2,0.915
4.4,0.4,-23.03750876,1.6,10.2,0.915
6,0.4,-22.1552673,1.6,10.2,0.915
7.6,0.4,-20.00037368,1.6,10.2,0.915
10.8,0.4,-25.28600264,1.6,10.2,0.915
11.2,0.4,-22.95739614,1.6,10.2,0.915
13.4,0.4,-20.89100826,1.6,10.2,0.915
13.8,0.4,-22.33632182,1.6,10.2,0.915
1,0.5,-20.9957676,1.6,10.2,0.915
1.2,0.5,-33.3754222,1.6,10.2,0.915
1.4,0.5,-22.5211171,1.6,10.2,0.915
1.6,0.5,-27.05499413,1.6,10.2,0.915
2.2,0.5,-25.42841992,1.6,10.2,0.915
2.4,0.5,-21.97062666,1.6,10.2,0.915
2.8,0.5,-27.48201076,1.6,10.2,0.915
3,0.5,-21.17706238,1.6,10.2,0.915
3.6,0.5,-24.05991478,1.6,10.2,0.915
4,0.5,-37.11724143,1.6,10.2,0.915
4.2,0.5,-21.2724937,1.6,10.2,0.915
4.8,0.5,-23.92522908,1.6,10.2,0.915
5.2,0.5,-20.41004004,1.6,10.2,0.915
6,0.5,-23.46837396,1.6,10.2,0.915
7,0.5,-21.93331718,1.6,10.2,0.915
9.2,0.5,-24.48588548,1.6,10.2,0.915
9.8,0.5,-21.29156676,1.6,10.2,0.915
11.4,0.5,-22.43014381,1.6,10.2,0.915
13.4,0.5,-21.7524499,1.6,10.2,0.915
0.4,0.6,-24.7644477,1.6,10.2,0.915
0.6,0.6,-35.90805166,1.6,10.2,0.915
1.2,0.6,-21.67578396,1.6,10.2,0.915
1.4,0.6,-20.01429766,1.6,10.2,0.915
1.6,0.6,-21.20989619,1.6,10.2,0.915
2,0.6,-25.03479077,1.6,10.2,0.915
2.2,0.6,-21.05300405,1.6,10.2,0.915
3,0.6,-22.03242579,1.6,10.2,0.915
3.2,0.6,-23.50185199,1.6,10.2,0.915
3.4,0.6,-20.60808451,1.6,10.2,0.915
4.4,0.6,-20.51437168,1.6,10.2,0.915
4.6,0.6,-24.3067293,1.6,10.2,0.915
7.2,0.6,-29.4945673,1.6,10.2,0.915
9.4,0.6,-21.95321799,1.6,10.2,0.915
9.6,0.6,-21.24852374,1.6,10.2,0.915
9.8,0.6,-21.1633746,1.6,10.2,0.915
11.2,0.6,-22.00136533,1.6,10.2,0.915
14.6,0.6,-22.00747028,1.6,10.2,0.915
18.4,0.6,-28.73215359,1.6,10.2,0.915
0.4,0.7,-26.61778365,1.6,10.2,0.915
0.6,0.7,-20.86072659,1.6,10.2,0.915
1,0.7,-25.78167966,1.6,10.2,0.915
1.8,0.7,-24.58841452,1.6,10.2,0.915
3.2,0.7,-24.18971282,1.6,10.2,0.915
3.6,0.7,-21.17423765,1.6,10.2,0.915
3.8,0.7,-20.85478031,1.6,10.2,0.915
4,0.7,-24.35274994,1.6,10.2,0.915
4.2,0.7,-20.69032381,1.6,10.2,0.915
4.4,0.7,-25.04020741,1.6,10.2,0.915
4.6,0.7,-26.59275889,1.6,10.2,0.915
8,0.7,-24.13490249,1.6,10.2,0.915
8.4,0.7,-26.03857967,1.6,10.2,0.915
8.6,0.7,-21.38104548,1.6,10.2,0.915
9,0.7,-20.76639549,1.6,10.2,0.915
9.2,0.7,-24.21062461,1.6,10.2,0.915
14.8,0.7,-24.14546839,1.6,10.2,0.915
0.6,0.8,-24.21300733,1.6,10.2,0.915
0.8,0.8,-20.28791005,1.6,10.2,0.915
1.4,0.8,-27.74659675,1.6,10.2,0.915
1.6,0.8,-30.52513506,1.6,10.2,0.915
3.2,0.8,-26.09525705,1.6,10.2,0.915
3.4,0.8,-23.26475331,1.6,10.2,0.915
4,0.8,-30.96858696,1.6,10.2,0.915
4.4,0.8,-20.38075597,1.6,10.2,0.915
5.4,0.8,-22.99475152,1.6,10.2,0.915
7.2,0.8,-22.6383035,1.6,10.2,0.915
9.4,0.8,-22.35264348,1.6,10.2,0.915
11.6,0.8,-23.06569862,1.6,10.2,0.915
12.2,0.8,-20.41624169,1.6,10.2,0.915
0.4,0.9,-30.10994162,1.6,10.2,0.915
0.6,0.9,-20.52521553,1.6,10.2,0.915
0.8,0.9,-20.58253349,1.6,10.2,0.915
2.2,0.9,-25.97293625,1.6,10.2,0.915
2.4,0.9,-26.39490518,1.6,10.2,0.915
2.8,0.9,-21.65864816,1.6,10.2,0.915
3,0.9,-23.19238637,1.6,10.2,0.915
4.4,0.9,-24.3189013,1.6,10.2,0.915
5.4,0.9,-23.284208,1.6,10.2,0.915
6.6,0.9,-28.04599895,1.6,10.2,0.915
10.2,0.9,-20.12044555,1.6,10.2,0.915
14.2,0.9,-21.37102282,1.6,10.2,0.915
0.4,1,-20.4496744,1.6,10.2,0.915
0.6,1,-21.49482838,1.6,10.2,0.915
0.8,1,-27.81138566,1.6,10.2,0.915
1,1,-20.01571517,1.6,10.2,0.915
1.2,1,-20.94555337,1.6,10.2,0.915
1.4,1,-23.03579297,1.6,10.2,0.915
2,1,-33.54987722,1.6,10.2,0.915
2.2,1,-24.92400941,1.6,10.2,0.915
2.6,1,-28.43541925,1.6,10.2,0.915
3.2,1,-20.11575398,1.6,10.2,0.915
4.2,1,-22.70555874,1.6,10.2,0.915
4.4,1,-22.39592123,1.6,10.2,0.915
5.6,1,-23.7414772,1.6,10.2,0.915
13.6,1,-24.91718458,1.6,10.2,0.915
7,0.2,-20.54045802,1.6,10.2,2.45
7.2,0.2,-20.85239539,1.6,10.2,2.45
7.4,0.2,-23.18957149,1.6,10.2,2.45
7.6,0.2,-25.50054841,1.6,10.2,2.45
7.8,0.2,-27.04852539,1.6,10.2,2.45
8,0.2,-29.85927704,1.6,10.2,2.45
8.2,0.2,-38.14517813,1.6,10.2,2.45
8.4,0.2,-31.00610578,1.6,10.2,2.45
8.6,0.2,-38.35287398,1.6,10.2,2.45
8.8,0.2,-22.88194621,1.6,10.2,2.45
9,0.2,-20.77971336,1.6,10.2,2.45
9.2,0.2,-30.09798464,1.6,10.2,2.45
7,0.3,-25.01539169,1.6,10.2,2.45
7.2,0.3,-27.3136998,1.6,10.2,2.45
7.4,0.3,-28.64134315,1.6,10.2,2.45
7.6,0.3,-36.20038459,1.6,10.2,2.45
7.8,0.3,-32.06341057,1.6,10.2,2.45
8,0.3,-28.73880684,1.6,10.2,2.45
8.2,0.3,-25.49422108,1.6,10.2,2.45
8.4,0.3,-22.16899601,1.6,10.2,2.45
8.8,0.3,-31.63458356,1.6,10.2,2.45
9,0.3,-27.98604648,1.6,10.2,2.45
6.2,0.4,-20.8926474,1.6,10.2,2.45
6.4,0.4,-22.70268441,1.6,10.2,2.45
6.6,0.4,-25.05247672,1.6,10.2,2.45
6.8,0.4,-27.94579404,1.6,10.2,2.45
7,0.4,-28.53692384,1.6,10.2,2.45
7.2,0.4,-33.63004631,1.6,10.2,2.45
7.4,0.4,-30.14837399,1.6,10.2,2.45
7.6,0.4,-30.41565804,1.6,10.2,2.45
7.8,0.4,-23.93387018,1.6,10.2,2.45
8,0.4,-21.7025187,1.6,10.2,2.45
8.2,0.4,-22.46611475,1.6,10.2,2.45
8.4,0.4,-22.05817473,1.6,10.2,2.45
5.6,0.5,-20.54216531,1.6,10.2,2.45
5.8,0.5,-21.79456854,1.6,10.2,2.45
6.2,0.5,-23.61541176,1.6,10.2,2.45
6.4,0.5,-27.56288912,1.6,10.2,2.45
6.6,0.5,-31.13443737,1.6,10.2,2.45
6.8,0.5,-37.42818781,1.6,10.2,2.45
7,0.5,-33.53274468,1.6,10.2,2.45
7.2,0.5,-31.5052993,1.6,10.2,2.45
7.4,0.5,-31.77823537,1.6,10.2,2.45
7.6,0.5,-22.60620792,1.6,10.2,2.45
7.8,0.5,-20.79158303,1.6,10.2,2.45
8,0.5,-24.66868871,1.6,10.2,2.45
5.6,0.6,-22.4120472,1.6,10.2,2.45
5.8,0.6,-24.00344728,1.6,10.2,2.45
6,0.6,-26.03918782,1.6,10.2,2.45
6.2,0.6,-28.36206413,1.6,10.2,2.45
6.6,0.6,-37.2356821,1.6,10.2,2.45
6.8,0.6,-32.15137887,1.6,10.2,2.45
7,0.6,-28.27514422,1.6,10.2,2.45
7.2,0.6,-23.74620063,1.6,10.2,2.45
7.4,0.6,-21.09486025,1.6,10.2,2.45
7.8,0.6,-21.60832397,1.6,10.2,2.45
8.6,0.6,-22.19774112,1.6,10.2,2.45
5,0.7,-20.48003797,1.6,10.2,2.45
5.2,0.7,-21.10462535,1.6,10.2,2.45
5.4,0.7,-23.15007466,1.6,10.2,2.45
5.6,0.7,-24.97007449,1.6,10.2,2.45
5.8,0.7,-26.92687854,1.6,10.2,2.45
6.2,0.7,-33.2903021,1.6,10.2,2.45
6.4,0.7,-20.6096151,1.6,10.2,2.45
6.6,0.7,-33.52103026,1.6,10.2,2.45
6.8,0.7,-26.59606298,1.6,10.2,2.45
7,0.7,-23.40844816,1.6,10.2,2.45
4.8,0.8,-20.69767767,1.6,10.2,2.45
5,0.8,-21.83668271,1.6,10.2,2.45
5.2,0.8,-23.59696805,1.6,10.2,2.45
5.4,0.8,-26.0674949,1.6,10.2,2.45
6,0.8,-31.42791764,1.6,10.2,2.45
6.2,0.8,-33.68358954,1.6,10.2,2.45
6.6,0.8,-24.55817431,1.6,10.2,2.45
6.8,0.8,-27.04925001,1.6,10.2,2.45
7.2,0.8,-27.64645509,1.6,10.2,2.45
4.8,0.9,-22.07461836,1.6,10.2,2.45
5,0.9,-24.65505301,1.6,10.2,2.45
5.2,0.9,-26.74025355,1.6,10.2,2.45
5.4,0.9,-30.08274419,1.6,10.2,2.45
5.6,0.9,-35.68749455,1.6,10.2,2.45
5.8,0.9,-34.20899326,1.6,10.2,2.45
6,0.9,-32.8962488,1.6,10.2,2.45
6.2,0.9,-27.41986757,1.6,10.2,2.45
6.4,0.9,-24.27542708,1.6,10.2,2.45
6.6,0.9,-21.17864008,1.6,10.2,2.45
4.4,1,-21.5806367,1.6,10.2,2.45
4.6,1,-22.69632915,1.6,10.2,2.45
4.8,1,-24.93443739,1.6,10.2,2.45
5,1,-26.99335212,1.6,10.2,2.45
5.6,1,-36.85313839,1.6,10.2,2.45
5.8,1,-30.54146773,1.6,10.2,2.45
6,1,-24.56730168,1.6,10.2,2.45
6.2,1,-22.9096009,1.6,10.2,2.45
6.4,1,-20.37971842,1.6,10.2,2.45
4.8,0.2,-20.19432584,1.6,10.2,4
5,0.2,-24.05898653,1.6,10.2,4
5.2,0.2,-33.80691752,1.6,10.2,4
5.4,0.2,-28.6920504,1.6,10.2,4
5.6,0.2,-21.9074261,1.6,10.2,4
4.6,0.3,-23.14351542,1.6,10.2,4
4.8,0.3,-30.17672945,1.6,10.2,4
5.2,0.3,-24.77418186,1.6,10.2,4
4.2,0.4,-21.01059043,1.6,10.2,4
4.4,0.4,-24.58690922,1.6,10.2,4
4.6,0.4,-31.66340026,1.6,10.2,4
4.8,0.4,-34.50969634,1.6,10.2,4
5,0.4,-24.57616083,1.6,10.2,4
5.2,0.4,-22.06295844,1.6,10.2,4
4,0.5,-21.29694949,1.6,10.2,4
4.2,0.5,-24.85990887,1.6,10.2,4
4.4,0.5,-32.0777653,1.6,10.2,4
4.6,0.5,-36.03933144,1.6,10.2,4
4.8,0.5,-24.37440186,1.6,10.2,4
3.8,0.6,-21.65125679,1.6,10.2,4
4,0.6,-25.1619542,1.6,10.2,4
4.2,0.6,-32.47378844,1.6,10.2,4
4.4,0.6,-34.59040053,1.6,10.2,4
4.6,0.6,-24.6138944,1.6,10.2,4
3.6,0.7,-20.93694097,1.6,10.2,4
3.8,0.7,-24.54519408,1.6,10.2,4
4,0.7,-31.3676583,1.6,10.2,4
4.4,0.7,-24.76888945,1.6,10.2,4
3.4,0.8,-20.76227358,1.6,10.2,4
3.6,0.8,-23.73980553,1.6,10.2,4
3.8,0.8,-30.20088193,1.6,10.2,4
4,0.8,-38.5200902,1.6,10.2,4
4.2,0.8,-26.36722987,1.6,10.2,4
4.4,0.8,-20.47217621,1.6,10.2,4
3.2,0.9,-20.54966372,1.6,10.2,4
3.4,0.9,-23.46882627,1.6,10.2,4
3.6,0.9,-28.65554247,1.6,10.2,4
4,0.9,-27.7311096,1.6,10.2,4
4.2,0.9,-21.45967113,1.6,10.2,4
3.2,1,-23.27102291,1.6,10.2,4
3.4,1,-29.07090874,1.6,10.2,4
3.8,1,-29.05991161,1.6,10.2,4
4,1,-22.1652633,1.6,10.2,4
3.4,0.2,-27.14515397,1.6,10.2,5.8
3.6,0.2,-34.58726614,1.6,10.2,5.8
3,0.3,-20.73953701,1.6,10.2,5.8
3.2,0.3,-28.55141156,1.6,10.2,5.8
2.8,0.4,-21.29015378,1.6,10.2,5.8
3,0.4,-27.68993495,1.6,10.2,5.8
3.2,0.4,-35.47245831,1.6,10.2,5.8
3.4,0.4,-20.37029515,1.6,10.2,5.8
2.6,0.5,-20.54125027,1.6,10.2,5.8
2.8,0.5,-25.19384838,1.6,10.2,5.8
3.2,0.5,-22.82398677,1.6,10.2,5.8
2.6,0.6,-23.97608993,1.6,10.2,5.8
2.8,0.6,-37.81193019,1.6,10.2,5.8
3,0.6,-27.25137281,1.6,10.2,5.8
2.4,0.7,-21.88741794,1.6,10.2,5.8
2.6,0.7,-29.62811015,1.6,10.2,5.8
2.8,0.7,-31.67388566,1.6,10.2,5.8
3,0.7,-20.77098014,1.6,10.2,5.8
2.2,0.8,-20.40826646,1.6,10.2,5.8
2.4,0.8,-26.225059,1.6,10.2,5.8
2.8,0.8,-24.08911867,1.6,10.2,5.8
2.2,0.9,-23.1863441,1.6,10.2,5.8
2.4,0.9,-33.35515074,1.6,10.2,5.8
2.6,0.9,-27.68435975,1.6,10.2,5.8
2,1,-21.20090943,1.6,10.2,5.8
2.2,1,-28.19828112,1.6,10.2,5.8
2.4,1,-37.38498037,1.6,10.2,5.8
2.6,1,-22.08766327,1.6,10.2,5.8
10.8,0.2,-21.48524755,0.8,2.2,2.45
11,0.2,-22.18934414,0.8,2.2,2.45
11.2,0.2,-23.84426223,0.8,2.2,2.45
11.4,0.2,-25.58964681,0.8,2.2,2.45
12.2,0.2,-37.68596299,0.8,2.2,2.45
12.4,0.2,-32.38561578,0.8,2.2,2.45
12.6,0.2,-31.36953558,0.8,2.2,2.45
13.2,0.2,-21.86053308,0.8,2.2,2.45
13.4,0.2,-20.54741991,0.8,2.2,2.45
14.4,0.2,-23.95087426,0.8,2.2,2.45
14.6,0.2,-37.4003147,0.8,2.2,2.45
9.6,0.4,-21.23638524,0.8,2.2,2.45
9.8,0.4,-23.36475449,0.8,2.2,2.45
10,0.4,-23.67009539,0.8,2.2,2.45
10.2,0.4,-26.50526875,0.8,2.2,2.45
10.4,0.4,-28.49268105,0.8,2.2,2.45
10.6,0.4,-32.04941124,0.8,2.2,2.45
11,0.4,-34.68614979,0.8,2.2,2.45
11.4,0.4,-33.85392534,0.8,2.2,2.45
11.6,0.4,-25.59197141,0.8,2.2,2.45
11.8,0.4,-31.18614842,0.8,2.2,2.45
12,0.4,-22.78985548,0.8,2.2,2.45
12.2,0.4,-21.47319844,0.8,2.2,2.45
12.4,0.4,-20.1415206,0.8,2.2,2.45
13,0.4,-25.69180433,0.8,2.2,2.45
8.4,0.6,-20.03179472,0.8,2.2,2.45
8.6,0.6,-20.57112986,0.8,2.2,2.45
8.8,0.6,-21.35320759,0.8,2.2,2.45
9,0.6,-22.61099021,0.8,2.2,2.45
9.2,0.6,-24.24158818,0.8,2.2,2.45
9.4,0.6,-26.55573983,0.8,2.2,2.45
9.6,0.6,-27.39993126,0.8,2.2,2.45
9.8,0.6,-31.34444955,0.8,2.2,2.45
10,0.6,-35.0549289,0.8,2.2,2.45
10.4,0.6,-39.26074439,0.8,2.2,2.45
10.6,0.6,-31.51460533,0.8,2.2,2.45
11,0.6,-26.0069218,0.8,2.2,2.45
11.2,0.6,-26.50853255,0.8,2.2,2.45
11.4,0.6,-21.81357523,0.8,2.2,2.45
7.8,0.8,-20.03211433,0.8,2.2,2.45
8,0.8,-20.61440525,0.8,2.2,2.45
8.2,0.8,-21.72985505,0.8,2.2,2.45
8.4,0.8,-22.76774718,0.8,2.2,2.45
8.6,0.8,-24.33578608,0.8,2.2,2.45
8.8,0.8,-26.07729548,0.8,2.2,2.45
9,0.8,-28.16604016,0.8,2.2,2.45
9.2,0.8,-30.19122116,0.8,2.2,2.45
9.4,0.8,-31.71827275,0.8,2.2,2.45
9.6,0.8,-32.84168218,0.8,2.2,2.45
9.8,0.8,-29.86930788,0.8,2.2,2.45
10,0.8,-28.95482419,0.8,2.2,2.45
10.4,0.8,-25.23013441,0.8,2.2,2.45
10.6,0.8,-23.06946509,0.8,2.2,2.45
10.8,0.8,-20.89227292,0.8,2.2,2.45
11.2,0.8,-26.20163413,0.8,2.2,2.45
7.4,1,-20.16975633,0.8,2.2,2.45
7.6,1,-21.72118534,0.8,2.2,2.45
7.8,1,-22.55953916,0.8,2.2,2.45
8,1,-24.04173718,0.8,2.2,2.45
8.2,1,-25.18041936,0.8,2.2,2.45
8.4,1,-27.34804852,0.8,2.2,2.45
8.6,1,-28.48626149,0.8,2.2,2.45
8.8,1,-31.20524408,0.8,2.2,2.45
9,1,-33.28811141,0.8,2.2,2.45
9.2,1,-31.21081652,0.8,2.2,2.45
9.4,1,-31.65804608,0.8,2.2,2.45
9.6,1,-27.88039058,0.8,2.2,2.45
9.8,1,-26.36776183,0.8,2.2,2.45
10,1,-22.98089285,0.8,2.2,2.45
10.2,1,-21.87380948,0.8,2.2,2.45
7.6,0.2,-21.21001001,0.8,2.2,4
7.8,0.2,-22.85903185,0.8,2.2,4
8,0.2,-27.31432869,0.8,2.2,4
8.2,0.2,-36.60434041,0.8,2.2,4
8.4,0.2,-30.5054596,0.8,2.2,4
8.6,0.2,-25.09172814,0.8,2.2,4
8.8,0.2,-20.5240433,0.8,2.2,4
9.8,0.2,-22.46632671,0.8,2.2,4
7,0.4,-22.50892137,0.8,2.2,4
7.2,0.4,-25.11492349,0.8,2.2,4
7.4,0.4,-31.20029954,0.8,2.2,4
7.8,0.4,-28.92789044,0.8,2.2,4
8,0.4,-23.34611211,0.8,2.2,4
6.4,0.6,-20.65116902,0.8,2.2,4
6.6,0.6,-23.15444376,0.8,2.2,4
6.8,0.6,-27.18249814,0.8,2.2,4
7,0.6,-35.65312915,0.8,2.2,4
7.4,0.6,-26.91342037,0.8,2.2,4
7.6,0.6,-22.13688565,0.8,2.2,4
6,0.8,-20.6530572,0.8,2.2,4
6.2,0.8,-23.12118619,0.8,2.2,4
6.4,0.8,-28.01686333,0.8,2.2,4
6.6,0.8,-38.22895277,0.8,2.2,4
6.8,0.8,-36.70957721,0.8,2.2,4
7,0.8,-27.51320031,0.8,2.2,4
7.2,0.8,-22.27003892,0.8,2.2,4
5.6,1,-20.23947891,0.8,2.2,4
5.8,1,-22.43817472,0.8,2.2,4
6.2,1,-34.68682178,0.8,2.2,4
6.4,1,-35.01163198,0.8,2.2,4
6.6,1,-27.74301003,0.8,2.2,4
6.8,1,-23.01167827,0.8,2.2,4
5.6,0.2,-23.63648052,0.8,2.2,5.8
5.8,0.2,-37.15681199,0.8,2.2,5.8
6,0.2,-29.45067689,0.8,2.2,5.8
6.2,0.2,-20.48342249,0.8,2.2,5.8
5,0.4,-20.94757673,0.8,2.2,5.8
5.2,0.4,-27.66308581,0.8,2.2,5.8
5.6,0.4,-24.28480642,0.8,2.2,5.8
4.8,0.6,-24.96092542,0.8,2.2,5.8
5,0.6,-38.78123136,0.8,2.2,5.8
5.2,0.6,-26.68267052,0.8,2.2,5.8
5.4,0.6,-20.20651115,0.8,2.2,5.8
4.4,0.8,-22.15780416,0.8,2.2,5.8
4.6,0.8,-28.68813656,0.8,2.2,5.8
4.8,0.8,-36.36508711,0.8,2.2,5.8
5,0.8,-23.81700668,0.8,2.2,5.8
4.2,1,-23.6675881,0.8,2.2,5.8
4.4,1,-33.58305858,0.8,2.2,5.8
4.6,1,-29.65233138,0.8,2.2,5.8
4.8,1,-21.71841341,0.8,2.2,5.8
9.2,0.2,-20.64397788,0.8,3.35,2.45
9.4,0.2,-21.16990026,0.8,3.35,2.45
9.6,0.2,-22.2033006,0.8,3.35,2.45
9.8,0.2,-24.68169066,0.8,3.35,2.45
10,0.2,-29.79981685,0.8,3.35,2.45
10.2,0.2,-28.14639125,0.8,3.35,2.45
10.4,0.2,-30.9977283,0.8,3.35,2.45
10.8,0.2,-31.44320257,0.8,3.35,2.45
11,0.2,-25.88395547,0.8,3.35,2.45
11.2,0.2,-26.67494008,0.8,3.35,2.45
11.4,0.2,-22.39705709,0.8,3.35,2.45
15.4,0.2,-24.7315241,0.8,3.35,2.45
8,0.4,-20.16654647,0.8,3.35,2.45
8.2,0.4,-21.55685592,0.8,3.35,2.45
8.4,0.4,-23.18554602,0.8,3.35,2.45
8.8,0.4,-27.3484995,0.8,3.35,2.45
9,0.4,-28.44670293,0.8,3.35,2.45
9.2,0.4,-32.91410156,0.8,3.35,2.45
9.6,0.4,-36.12227512,0.8,3.35,2.45
9.8,0.4,-31.39468306,0.8,3.35,2.45
10,0.4,-27.09418568,0.8,3.35,2.45
10.2,0.4,-24.30422921,0.8,3.35,2.45
10.4,0.4,-32.14531729,0.8,3.35,2.45
10.6,0.4,-20.35235382,0.8,3.35,2.45
11.8,0.4,-23.23192495,0.8,3.35,2.45
7.4,0.6,-21.29377846,0.8,3.35,2.45
7.6,0.6,-22.56824623,0.8,3.35,2.45
7.8,0.6,-23.13480346,0.8,3.35,2.45
8,0.6,-26.1247424,0.8,3.35,2.45
8.2,0.6,-27.0196496,0.8,3.35,2.45
8.4,0.6,-32.7063976,0.8,3.35,2.45
8.6,0.6,-35.88232405,0.8,3.35,2.45
9.2,0.6,-28.37529077,0.8,3.35,2.45
9.4,0.6,-25.36352954,0.8,3.35,2.45
9.6,0.6,-22.86732893,0.8,3.35,2.45
9.8,0.6,-21.1321176,0.8,3.35,2.45
10.2,0.6,-28.74979877,0.8,3.35,2.45
12.4,0.6,-21.18776725,0.8,3.35,2.45
6.6,0.8,-20.57314566,0.8,3.35,2.45
6.8,0.8,-21.58772985,0.8,3.35,2.45
7,0.8,-22.84772016,0.8,3.35,2.45
7.2,0.8,-24.75991452,0.8,3.35,2.45
7.4,0.8,-26.27705208,0.8,3.35,2.45
7.6,0.8,-27.94004511,0.8,3.35,2.45
7.8,0.8,-28.96462152,0.8,3.35,2.45
8,0.8,-32.27544569,0.8,3.35,2.45
8.2,0.8,-30.17604821,0.8,3.35,2.45
8.4,0.8,-29.26255849,0.8,3.35,2.45
8.6,0.8,-28.24279022,0.8,3.35,2.45
8.8,0.8,-24.82391106,0.8,3.35,2.45
9,0.8,-21.85757409,0.8,3.35,2.45
9.2,0.8,-24.28082311,0.8,3.35,2.45
6,1,-20.14726098,0.8,3.35,2.45
6.2,1,-21.10609206,0.8,3.35,2.45
6.4,1,-22.51409666,0.8,3.35,2.45
6.6,1,-24.0396684,0.8,3.35,2.45
6.8,1,-25.49070021,0.8,3.35,2.45
7,1,-28.03401222,0.8,3.35,2.45
7.2,1,-28.93928615,0.8,3.35,2.45
7.4,1,-32.5742633,0.8,3.35,2.45
7.6,1,-31.03838006,0.8,3.35,2.45
7.8,1,-30.9373431,0.8,3.35,2.45
8,1,-27.83379585,0.8,3.35,2.45
8.2,1,-24.51832643,0.8,3.35,2.45
8.4,1,-22.67615012,0.8,3.35,2.45
8.6,1,-20.6968571,0.8,3.35,2.45
6.6,0.2,-21.46178417,0.8,3.35,4
6.8,0.2,-24.11806221,0.8,3.35,4
7,0.2,-31.32524247,0.8,3.35,4
7.2,0.2,-35.40547944,0.8,3.35,4
7.4,0.2,-25.22325242,0.8,3.35,4
7.6,0.2,-20.3967539,0.8,3.35,4
6,0.4,-22.50108881,0.8,3.35,4
6.2,0.4,-26.0323394,0.8,3.35,4
6.4,0.4,-32.60155001,0.8,3.35,4
6.6,0.4,-33.6775538,0.8,3.35,4
6.8,0.4,-24.59152117,0.8,3.35,4
7,0.4,-20.63564794,0.8,3.35,4
5.4,0.6,-20.55699272,0.8,3.35,4
5.6,0.6,-23.43099045,0.8,3.35,4
5.8,0.6,-29.03476689,0.8,3.35,4
6,0.6,-36.55415806,0.8,3.35,4
6.2,0.6,-30.96885666,0.8,3.35,4
6.4,0.6,-24.2102261,0.8,3.35,4
5,0.8,-20.16058808,0.8,3.35,4
5.2,0.8,-22.77158604,0.8,3.35,4
5.4,0.8,-27.95189924,0.8,3.35,4
5.6,0.8,-37.74747175,0.8,3.35,4
5.8,0.8,-31.24796673,0.8,3.35,4
6,0.8,-24.68737242,0.8,3.35,4
4.8,1,-22.26745948,0.8,3.35,4
5,1,-26.2541611,0.8,3.35,4
5.2,1,-37.20501247,0.8,3.35,4
5.4,1,-35.10932189,0.8,3.35,4
5.6,1,-24.5021895,0.8,3.35,4
5.8,1,-20.49808254,0.8,3.35,4
4.8,0.2,-22.55331586,0.8,3.35,5.8
5,0.2,-34.9370294,0.8,3.35,5.8
5.2,0.2,-26.42627727,0.8,3.35,5.8
4.6,0.3,-24.79707078,0.8,3.35,5.8
5,0.3,-23.51879799,0.8,3.35,5.8
4.4,0.4,-24.62573001,0.8,3.35,5.8
4.8,0.4,-24.10362136,0.8,3.35,5.8
4.2,0.5,-23.74829478,0.8,3.35,5.8
4.4,0.5,-37.81491469,0.8,3.35,5.8
4.6,0.5,-25.97282056,0.8,3.35,5.8
4,0.6,-22.37853125,0.8,3.35,5.8
4.2,0.6,-31.72412283,0.8,3.35,5.8
4.4,0.6,-29.33366425,0.8,3.35,5.8
3.8,0.7,-20.22618998,0.8,3.35,5.8
4,0.7,-28.09171462,0.8,3.35,5.8
4.2,0.7,-34.33038413,0.8,3.35,5.8
4.4,0.7,-22.03412048,0.8,3.35,5.8
3.8,0.8,-25.46505101,0.8,3.35,5.8
4.2,0.8,-24.2000621,0.8,3.35,5.8
3.6,0.9,-22.79540903,0.8,3.35,5.8
3.8,0.9,-35.44562232,0.8,3.35,5.8
4,0.9,-27.97093754,0.8,3.35,5.8
3.4,1,-21.33853244,0.8,3.35,5.8
3.6,1,-28.12852114,0.8,3.35,5.8
3.8,1,-35.62882158,0.8,3.35,5.8
4,1,-22.50412346,0.8,3.35,5.8
8.4,0.2,-21.15163257,0.8,4.4,2.45
8.6,0.2,-21.97932667,0.8,4.4,2.45
9,0.2,-24.92776394,0.8,4.4,2.45
9.2,0.2,-25.94778115,0.8,4.4,2.45
9.4,0.2,-29.11402933,0.8,4.4,2.45
9.8,0.2,-30.84070516,0.8,4.4,2.45
10,0.2,-29.35068067,0.8,4.4,2.45
10.2,0.2,-25.79526461,0.8,4.4,2.45
10.4,0.2,-22.19085322,0.8,4.4,2.45
12,0.2,-26.9734089,0.8,4.4,2.45
12.2,0.2,-31.30472681,0.8,4.4,2.45
12.4,0.2,-36.90607417,0.8,4.4,2.45
7.6,0.4,-21.82203262,0.8,4.4,2.45
7.8,0.4,-23.70005258,0.8,4.4,2.45
8,0.4,-25.67694671,0.8,4.4,2.45
8.2,0.4,-28.55533808,0.8,4.4,2.45
8.4,0.4,-29.89972362,0.8,4.4,2.45
8.6,0.4,-31.68492641,0.8,4.4,2.45
8.8,0.4,-31.04307503,0.8,4.4,2.45
9,0.4,-28.56011454,0.8,4.4,2.45
9.2,0.4,-25.67689002,0.8,4.4,2.45
9.4,0.4,-22.9208484,0.8,4.4,2.45
9.6,0.4,-24.01517503,0.8,4.4,2.45
10.6,0.4,-20.01352841,0.8,4.4,2.45
6.6,0.6,-20.37551226,0.8,4.4,2.45
6.8,0.6,-21.38823835,0.8,4.4,2.45
7,0.6,-23.62918238,0.8,4.4,2.45
7.2,0.6,-25.47288434,0.8,4.4,2.45
7.4,0.6,-27.30071208,0.8,4.4,2.45
7.6,0.6,-32.05670407,0.8,4.4,2.45
7.8,0.6,-33.3371469,0.8,4.4,2.45
8,0.6,-39.36959555,0.8,4.4,2.45
8.2,0.6,-31.40725855,0.8,4.4,2.45
8.4,0.6,-28.79810311,0.8,4.4,2.45
8.6,0.6,-23.86915624,0.8,4.4,2.45
8.8,0.6,-21.62682177,0.8,4.4,2.45
6,0.8,-20.35362736,0.8,4.4,2.45
6.2,0.8,-21.85424053,0.8,4.4,2.45
6.4,0.8,-23.48956643,0.8,4.4,2.45
6.6,0.8,-25.35933059,0.8,4.4,2.45
6.8,0.8,-27.6535408,0.8,4.4,2.45
7,0.8,-29.41789999,0.8,4.4,2.45
7.2,0.8,-38.62296623,0.8,4.4,2.45
7.4,0.8,-31.64826265,0.8,4.4,2.45
7.6,0.8,-32.88409393,0.8,4.4,2.45
7.8,0.8,-27.14184362,0.8,4.4,2.45
8,0.8,-24.55149081,0.8,4.4,2.45
8.2,0.8,-21.21032576,0.8,4.4,2.45
5.4,1,-20.31533089,0.8,4.4,2.45
5.6,1,-21.0965236,0.8,4.4,2.45
5.8,1,-22.86150374,0.8,4.4,2.45
6,1,-24.18551273,0.8,4.4,2.45
6.2,1,-27.25083117,0.8,4.4,2.45
6.4,1,-31.68106928,0.8,4.4,2.45
6.6,1,-33.58812418,0.8,4.4,2.45
6.8,1,-33.68188615,0.8,4.4,2.45
7,1,-29.690697,0.8,4.4,2.45
7.2,1,-26.87244715,0.8,4.4,2.45
7.4,1,-24.07935827,0.8,4.4,2.45
7.6,1,-22.17065918,0.8,4.4,2.45
7.8,1,-20.72873905,0.8,4.4,2.45
8,1,-23.99506922,0.8,4.4,2.45
6,0.2,-20.16212298,0.8,4.4,4
6.2,0.2,-24.56272753,0.8,4.4,4
6.4,0.2,-36.92276098,0.8,4.4,4
6.6,0.2,-32.43278908,0.8,4.4,4
5.4,0.4,-21.06882924,0.8,4.4,4
5.6,0.4,-25.28954248,0.8,4.4,4
5.8,0.4,-33.93641032,0.8,4.4,4
6,0.4,-33.82102248,0.8,4.4,4
6.2,0.4,-23.86741512,0.8,4.4,4
5,0.6,-22.14391066,0.8,4.4,4
5.2,0.6,-26.73718753,0.8,4.4,4
5.4,0.6,-35.16737192,0.8,4.4,4
5.6,0.6,-31.31175629,0.8,4.4,4
5.8,0.6,-23.22073303,0.8,4.4,4
4.6,0.8,-22.05832383,0.8,4.4,4
4.8,0.8,-26.69233424,0.8,4.4,4
5,0.8,-35.4933007,0.8,4.4,4
5.2,0.8,-30.63250213,0.8,4.4,4
5.4,0.8,-23.00427233,0.8,4.4,4
4.2,1,-21.38778319,0.8,4.4,4
4.4,1,-25.80840635,0.8,4.4,4
4.6,1,-34.6692022,0.8,4.4,4
4.8,1,-34.43493005,0.8,4.4,4
5,1,-24.64414725,0.8,4.4,4
4.4,0.2,-23.13620425,0.8,4.4,5.8
4.8,0.2,-21.98872183,0.8,4.4,5.8
4,0.4,-24.75105674,0.8,4.4,5.8
4.2,0.4,-38.70763314,0.8,4.4,5.8
4.4,0.4,-21.54850901,0.8,4.4,5.8
3.6,0.6,-21.5394409,0.8,4.4,5.8
3.8,0.6,-33.55236766,0.8,4.4,5.8
4,0.6,-27.17613167,0.8,4.4,5.8
3.4,0.8,-23.78386078,0.8,4.4,5.8
3.8,0.8,-22.92349095,0.8,4.4,5.8
3.2,1,-26.72577726,0.8,4.4,5.8
3.4,1,-32.89465329,0.8,4.4,5.8
3.6,1,-21.20094725,0.8,4.4,5.8
7,0.2,-20.40056392,0.8,9.4,2.45
7.6,0.2,-29.35932764,0.8,9.4,2.45
7.8,0.2,-26.90642301,0.8,9.4,2.45
8,0.2,-27.22045399,0.8,9.4,2.45
8.2,0.2,-23.92435231,0.8,9.4,2.45
8.4,0.2,-20.52215221,0.8,9.4,2.45
9,0.2,-22.30966107,0.8,9.4,2.45
9.2,0.2,-23.62397331,0.8,9.4,2.45
6.2,0.4,-20.83266471,0.8,9.4,2.45
6.4,0.4,-23.24891919,0.8,9.4,2.45
6.6,0.4,-26.55325477,0.8,9.4,2.45
6.8,0.4,-29.59146644,0.8,9.4,2.45
7,0.4,-30.00240261,0.8,9.4,2.45
7.2,0.4,-22.25469538,0.8,9.4,2.45
7.4,0.4,-23.00208328,0.8,9.4,2.45
7.6,0.4,-20.17949953,0.8,9.4,2.45
7.8,0.4,-27.47353528,0.8,9.4,2.45
8.2,0.4,-27.1781682,0.8,9.4,2.45
5.8,0.6,-23.70922123,0.8,9.4,2.45
6,0.6,-25.96961293,0.8,9.4,2.45
6.2,0.6,-30.44191265,0.8,9.4,2.45
6.4,0.6,-23.5032038,0.8,9.4,2.45
6.6,0.6,-28.81208047,0.8,9.4,2.45
6.8,0.6,-24.20834501,0.8,9.4,2.45
7,0.6,-20.36485231,0.8,9.4,2.45
7.2,0.6,-21.34859439,0.8,9.4,2.45
5,0.8,-20.76307097,0.8,9.4,2.45
5.2,0.8,-23.65998032,0.8,9.4,2.45
5.4,0.8,-25.89369087,0.8,9.4,2.45
5.6,0.8,-33.08952227,0.8,9.4,2.45
5.8,0.8,-32.47515489,0.8,9.4,2.45
6,0.8,-28.38406846,0.8,9.4,2.45
6.2,0.8,-23.31062493,0.8,9.4,2.45
6.4,0.8,-20.94919258,0.8,9.4,2.45
7,0.8,-28.36943451,0.8,9.4,2.45
7.2,0.8,-22.85511918,0.8,9.4,2.45
4.4,1,-20.25918872,0.8,9.4,2.45
4.6,1,-23.00015124,0.8,9.4,2.45
4.8,1,-26.58841055,0.8,9.4,2.45
5,1,-30.22404037,0.8,9.4,2.45
5.2,1,-39.25114329,0.8,9.4,2.45
5.4,1,-27.90160617,0.8,9.4,2.45
5.6,1,-24.21833654,0.8,9.4,2.45
5.8,1,-22.13733911,0.8,9.4,2.45
5,0.2,-26.61170434,0.8,9.4,4
5.2,0.2,-33.26447804,0.8,9.4,4
5.4,0.2,-22.87914966,0.8,9.4,4
4.4,0.4,-22.55061157,0.8,9.4,4
4.6,0.4,-34.44060435,0.8,9.4,4
4,0.6,-22.25002657,0.8,9.4,4
4.2,0.6,-32.40857349,0.8,9.4,4
4.4,0.6,-27.80856768,0.8,9.4,4
3.6,0.8,-21.37951308,0.8,9.4,4
3.8,0.8,-28.80381272,0.8,9.4,4
4,0.8,-32.68507064,0.8,9.4,4
4.2,0.8,-21.75225405,0.8,9.4,4
3.2,1,-20.29290286,0.8,9.4,4
3.4,1,-26.65937279,0.8,9.4,4
3.6,1,-37.33026443,0.8,9.4,4
3.8,1,-23.1955571,0.8,9.4,4
3.8,0.2,-27.97938892,0.8,9.4,5.8
3.2,0.4,-28.79883864,0.8,9.4,5.8
3.4,0.4,-21.78753708,0.8,9.4,5.8
2.8,0.6,-20.60298839,0.8,9.4,5.8
2.6,0.8,-23.32192645,0.8,9.4,5.8
2.8,0.8,-31.03188665,0.8,9.4,5.8
2.4,1,-26.14287909,0.8,9.4,5.8
2.6,1,-25.69120098,0.8,9.4,5.8
7,0.2,-22.00014145,0.8,10.2,2.45
7.4,0.2,-29.05861169,0.8,10.2,2.45
7.6,0.2,-38.0998644,0.8,10.2,2.45
7.8,0.2,-29.64898781,0.8,10.2,2.45
8,0.2,-22.51010023,0.8,10.2,2.45
8.2,0.2,-30.94760691,0.8,10.2,2.45
8.6,0.2,-27.79719135,0.8,10.2,2.45
6.2,0.4,-21.62676922,0.8,10.2,2.45
6.6,0.4,-29.87549723,0.8,10.2,2.45
6.8,0.4,-31.02885943,0.8,10.2,2.45
7,0.4,-28.51343241,0.8,10.2,2.45
7.2,0.4,-23.32085784,0.8,10.2,2.45
7.4,0.4,-20.41755233,0.8,10.2,2.45
7.8,0.4,-22.20065636,0.8,10.2,2.45
8.2,0.4,-21.576062,0.8,10.2,2.45
5.4,0.6,-20.52319051,0.8,10.2,2.45
5.6,0.6,-23.07641312,0.8,10.2,2.45
5.8,0.6,-22.86508898,0.8,10.2,2.45
6,0.6,-30.88271841,0.8,10.2,2.45
6.4,0.6,-26.76797896,0.8,10.2,2.45
6.6,0.6,-23.69711116,0.8,10.2,2.45
6.8,0.6,-20.84956006,0.8,10.2,2.45
4.8,0.8,-20.41051462,0.8,10.2,2.45
5,0.8,-21.8284632,0.8,10.2,2.45
5.2,0.8,-25.38177482,0.8,10.2,2.45
5.4,0.8,-28.956438,0.8,10.2,2.45
5.8,0.8,-27.12505778,0.8,10.2,2.45
6,0.8,-23.45718704,0.8,10.2,2.45
6.2,0.8,-21.58664468,0.8,10.2,2.45
4.2,1,-20.01233743,0.8,10.2,2.45
4.4,1,-21.22982127,0.8,10.2,2.45
4.6,1,-24.2479068,0.8,10.2,2.45
4.8,1,-29.74826317,0.8,10.2,2.45
5,1,-36.58665446,0.8,10.2,2.45
5.2,1,-29.45776153,0.8,10.2,2.45
5.4,1,-26.22188227,0.8,10.2,2.45
5.6,1,-22.5568788,0.8,10.2,2.45
4.8,0.2,-22.15068463,0.8,10.2,4
5,0.2,-38.00182669,0.8,10.2,4
5.2,0.2,-23.68932175,0.8,10.2,4
4.4,0.4,-25.67675907,0.8,10.2,4
4.6,0.4,-34.55315593,0.8,10.2,4
4.8,0.4,-31.52614272,0.8,10.2,4
5,0.4,-24.74898658,0.8,10.2,4
4,0.6,-25.66728789,0.8,10.2,4
4.2,0.6,-37.61988132,0.8,10.2,4
4.4,0.6,-22.95176174,0.8,10.2,4
3.6,0.8,-23.29435766,0.8,10.2,4
3.8,0.8,-37.83853406,0.8,10.2,4
4,0.8,-25.49014522,0.8,10.2,4
3.2,1,-22.26805463,0.8,10.2,4
3.4,1,-31.88795231,0.8,10.2,4
3.6,1,-28.76945195,0.8,10.2,4
3.8,1,-20.01383991,0.8,10.2,4
3.4,0.2,-23.14343832,0.8,10.2,5.8
3.6,0.2,-24.2682018,0.8,10.2,5.8
3,0.4,-20.13952428,0.8,10.2,5.8
3.2,0.4,-37.93412948,0.8,10.2,5.8
2.8,0.6,-23.65042461,0.8,10.2,5.8
3,0.6,-26.20040809,0.8,10.2,5.8
2.6,0.8,-27.55155484,0.8,10.2,5.8
2.8,0.8,-23.25162046,0.8,10.2,5.8
2.4,1,-33.51938662,0.8,10.2,5.8
2.6,1,-21.13678094,0.8,10.2,5.8
